MT1,MT2,same_orient,gap,orient1,orient2
1,2,1,527,1,1
2,3,1,19,1,1
3,4,1,-4,1,1
4,5,1,209,1,1
5,6,1,34,1,1
6,7,1,95,1,1
7,9,0,726,1,-1
9,10,1,181,-1,-1
10,11,0,156,-1,1
11,12,0,7,1,-1
12,13,1,-44,-1,-1
13,14,1,155,-1,-1
14,15,0,93,-1,1
15,16,1,36,1,1
16,17,0,-23,1,-1
17,18,1,-4,-1,-1
18,19,1,-4,-1,-1
19,20,1,-4,-1,-1
20,21,1,-4,-1,-1
21,22,1,97,-1,-1
22,23,1,123,-1,-1
23,24,1,468,-1,-1
24,25,0,111,-1,1
25,26,1,293,1,1
26,27,1,-4,1,1
27,28,1,37,1,1
28,29,1,203,1,1
29,30,1,120,1,1
30,30.1,1,85,1,1
30.1,31,0,4,1,-1
31,32,1,82,-1,-1
32,33,0,36,-1,1
33,34,1,69,1,1
34,35,1,28,1,1
35,36,0,105,1,-1
36,37,0,137,-1,1
37,38,1,-4,1,1
38,39,1,-4,1,1
39,40,1,-4,1,1
40,41,0,108,1,-1
41,42,1,47,-1,-1
42,43,0,125,-1,1
43,44,0,91,1,-1
44,46,1,81,-1,-1
46,47,0,196,-1,1
47,48,0,109,1,-1
48,49,1,158,-1,-1
49,50,1,132,-1,-1
50,51,1,15,-1,-1
51,52,1,81,-1,-1
52,53,1,60,-1,-1
53,54,1,100,-1,-1
54,55,0,133,-1,1
55,56,1,-8,1,1
56,57,1,41,1,1
57,58,1,-44,1,1
58,59,1,218,1,1
59,60,1,103,1,1
60,61,1,41,1,1
61,62,1,32,1,1
62,63,1,28,1,1
63,64,1,-22,1,1
64,65,1,179,1,1
65,66,1,16,1,1
66,66.1,0,44,1,-1
66.1,66.2,1,7,-1,-1
66.2,67,0,-61,-1,1
67,68,1,228,1,1
68,69,1,55,1,1
69,70,1,40,1,1
70,71,1,298,1,1
71,72,0,51,1,-1
72,73,1,117,-1,-1
73,74,0,102,-1,1
74,75,0,24,1,-1
75,76,1,-4,-1,-1
76,77,0,589,-1,1
77,78,1,430,1,1
78,79,1,2,1,1
79,80,1,79,1,1
80,81,1,12,1,1
81,82,0,14,1,-1
82,83,1,63,-1,-1
83,84,0,37,-1,1
84,85,0,74,1,-1
85,85.1,1,-4,-1,-1
85.1,86,0,193,-1,1
86,87,1,41,1,1
87,88,1,94,1,1
88,89,1,4,1,1
89,90,1,-4,1,1
90,91,1,5,1,1
91,92,1,10,1,1
92,93,1,-1,1,1
93,95,1,182,1,1
95,96,1,34,1,1
96,98,1,156,1,1
98,99,1,128,1,1
99,99.1,1,18,1,1
99.1,100,1,43,1,1
100,101,1,131,1,1
101,102,0,-54,1,-1
102,103,1,46,-1,-1
103,104,1,-140,-1,-1
104,105,0,222,-1,1
105,106,1,18,1,1
106,107,1,-4,1,1
107,108,1,4,1,1
108,109,1,4,1,1
109,110,1,-43,1,1
110,111,1,174,1,1
111,112,0,215,1,-1
112,113,0,143,-1,1
113,114,0,148,1,-1
114,115,0,109,-1,1
115,116,0,94,1,-1
116,116.1,0,39,-1,1
116.1,117,0,188,1,-1
117,118,0,170,-1,1
118,119,1,42,1,1
119,120,1,180,1,1
120,121,1,281,1,1
121,122,1,4,1,1
122,123,1,-1,1,1
123,124,1,282,1,1
124,125,0,122,1,-1
125,125.1,0,294,-1,1
125.1,126,0,-17,1,-1
126,127,0,121,-1,1
127,128,0,0,1,-1
128,129,1,136,-1,-1
129,130,1,109,-1,-1
130,131,0,-16,-1,1
131,132,1,266,1,1
132,133,1,151,1,1
133,134,1,108,1,1
134,135,1,102,1,1
135,136,1,67,1,1
136,137,0,131,1,-1
137,138,0,228,-1,1
138,139,0,12,1,-1
139,140,1,41,-1,-1
140,141,0,86,-1,1
141,142,1,296,1,1
142,143,0,-30,1,-1
143,144,0,116,-1,1
144,145,0,20,1,-1
145,146,0,62,-1,1
146,147,1,0,1,1
147,148,1,60,1,1
148,149,0,-20,1,-1
149,150,0,29,-1,1
150,151,0,66,1,-1
151,152,0,101,-1,1
152,153,1,88,1,1
153,154,1,33,1,1
154,155,1,139,1,1
155,156,1,53,1,1
156,157,1,6,1,1
157,158,0,-4,1,-1
158,159,0,435,-1,1
159,160,0,29,1,-1
160,161,1,9,-1,-1
161,162,1,234,-1,-1
162,163,1,1,-1,-1
163,164,0,411,-1,1
164,165,1,-4,1,1
165,167,1,305,1,1
167,168,0,3,1,-1
168,169,1,91,-1,-1
169,170,0,167,-1,1
170,171,0,27,1,-1
171,172,0,-19,-1,1
172,173,1,53,1,1
173,174,0,32,1,-1
174,175,0,285,-1,1
175,176,1,203,1,1
176,177,0,-50,1,-1
177,178,0,28,-1,1
178,179,1,-4,1,1
179,180,1,23,1,1
180,181,1,-4,1,1
181,182,1,-1,1,1
182,183,1,-7,1,1
183,184,1,35,1,1
184,185,1,2,1,1
185,186,1,-4,1,1
186,187,1,-34,1,1
187,188,0,30,1,-1
188,189,1,79,-1,-1
189,190,1,26,-1,-1
190,191,1,16,-1,-1
191,192,0,-185,-1,1
192,193,1,41,1,1
193,194,1,-4,1,1
194,195,1,44,1,1
195,196,0,45,1,-1
196,197,0,159,-1,1
197,198,1,118,1,1
198,199,0,78,1,-1
199,200,0,147,-1,1
200,201,1,127,1,1
201,202,1,33,1,1
202,203,0,59,1,-1
203,204,0,186,-1,1
204,204.1,1,18,1,1
204.1,205,1,133,1,1
205,206,1,112,1,1
206,207,1,-4,1,1
207,208,0,40,1,-1
208,209,0,153,-1,1
209,210,1,-4,1,1
210,211,0,-4,1,-1
211,212,1,2,-1,-1
212,213,0,221,-1,1
213,214,0,51,1,-1
214,215,0,169,-1,1
215,216,0,-4,1,-1
216,217,1,65,-1,-1
217,218,1,-4,-1,-1
218,219,0,131,-1,1
219,220,1,29,1,1
220,221,1,183,1,1
221,222,0,66,1,-1
222,223,1,-4,-1,-1
223,224,0,113,-1,1
224,225,0,105,1,-1
225,226,0,8,-1,1
226,227,0,-4,1,-1
227,228,0,179,-1,1
228,229,1,1,1,1
229,230,1,9,1,1
230,231,1,103,1,1
231,232,1,30,1,1
232,233,0,5,1,-1
233,234,1,98,-1,-1
234,235,0,35,-1,1
235,236,0,16,1,-1
236,237,1,9,-1,-1
237,238,0,299,-1,1
238,239,0,27,1,-1
239,240,1,-4,-1,-1
240,241,0,37,-1,1
241,242,1,134,1,1
242,244,1,-4,1,1
244,245,0,75,1,-1
245,246,1,157,-1,-1
246,247,1,34,-1,-1
247,250,1,46,-1,-1
250,251,0,-261,-1,1
251,252,1,75,1,1
252,253,1,61,1,1
253,254,1,7,1,1
254,255,0,29,1,-1
255,256,1,10,-1,-1
256,257,0,141,-1,1
257,258,0,305,1,-1
258,259,0,371,-1,1
259,260,1,276,1,1
260,261,0,-4,1,-1
261,262,1,0,-1,-1
262,263,1,30,-1,-1
263,264,1,79,-1,-1
264,265,1,204,-1,-1
265,266,0,213,-1,1
266,267,0,397,1,-1
267,268,1,24,-1,-1
268,269,1,18,-1,-1
269,270,1,-4,-1,-1
270,270.1,0,47,-1,1
270.1,270.2,1,-44,1,1
270.2,271,0,15,1,-1
271,272,1,24,-1,-1
272,273,1,-4,-1,-1
273,274,1,99,-1,-1
274,275,1,140,-1,-1
275,276,1,9,-1,-1
276,277,1,16,-1,-1
277,278,1,53,-1,-1
278,279,1,21,-1,-1
279,280,0,176,-1,1
280,281,0,41,1,-1
281,282,1,64,-1,-1
282,283,0,44,-1,1
283,284,0,16,1,-1
284,285,1,113,-1,-1
285,286,1,113,-1,-1
286,286.1,0,54,-1,1
286.1,287,0,-71,1,-1
287,288,0,89,-1,1
288,289,0,39,1,-1
289,290,1,23,-1,-1
290,291,1,19,-1,-1
291,291.1,0,-14,-1,1
291.1,291.2,0,-17,1,-1
291.2,291.3,1,130,-1,-1
291.3,291.4,0,231,-1,1
291.4,292,1,430,1,1
292,293,1,23,1,1
293,294,0,79,1,-1
294,295,0,90,-1,1
295,296,1,-4,1,1
296,297,1,-4,1,1
297,298,1,-4,1,1
298,299,1,2,1,1
299,300,1,48,1,1
300,301,1,29,1,1
301,302,1,10,1,1
302,303,1,46,1,1
303,304,1,137,1,1
304,305,1,-4,1,1
305,306,0,-14,1,-1
306,307,0,106,-1,1
307,308,0,-12,1,-1
308,310,1,9,-1,-1
310,311,0,85,-1,1
311,312,1,142,1,1
312,313,1,149,1,1
313,314,1,265,1,1
314,315,1,135,1,1
315,316,1,-4,1,1
316,318,0,7,1,-1
318,319,0,202,-1,1
319,320,0,-13,1,-1
320,321,0,57,-1,1
321,322,1,101,1,1
322,323,0,69,1,-1
323,324,0,23,-1,1
324,325,1,40,1,1
325,326,1,15,1,1
326,327,1,71,1,1
327,328,0,2,1,-1
328,328.1,0,-56,-1,1
328.1,328.2,0,-125,1,-1
328.2,329,0,60,-1,1
329,330,1,48,1,1
330,332,0,23,1,-1
332,333,1,394,-1,-1
333,334,0,66,-1,1
334,335,1,71,1,1
335,336,1,31,1,1
336,337,1,105,1,1
337,338,0,-12,1,-1
338,339,0,100,-1,1
339,340,1,6,1,1
340,341,1,9,1,1
341,342,0,-33,1,-1
342,343,0,65,-1,1
343,344,0,-20,1,-1
344,345,1,26,-1,-1
345,346,0,113,-1,1
346,347,0,211,1,-1
347,348,0,89,-1,1
348,349,0,10,1,-1
349,350,0,141,-1,1
350,351,0,169,1,-1
351,352,1,30,-1,-1
352,353,1,108,-1,-1
353,355,0,185,-1,1
355,356,1,182,1,1
356,357,1,36,1,1
357,357.1,1,-4,1,1
357.1,359,0,142,1,-1
359,360,0,102,-1,1
360,361,0,41,1,-1
361,362,0,338,-1,1
362,363,1,2,1,1
363,364,1,119,1,1
364,365,1,226,1,1
365,366,1,86,1,1
366,367,1,35,1,1
367,368,1,-1,1,1
368,369,0,226,1,-1
369,370,1,76,-1,-1
370,372,1,150,-1,-1
372,373,1,11,-1,-1
373,374,0,90,-1,1
374,375,1,151,1,1
375,376,0,4,1,-1
376,377,0,106,-1,1
377,378,1,221,1,1
378,379,0,11,1,-1
379,380,0,95,-1,1
380,381,0,-12,1,-1
381,382,1,24,-1,-1
382,383,0,10,-1,1
383,384,0,59,1,-1
384,384.1,1,5,-1,-1
384.1,385,1,13,-1,-1
385,386,1,-4,-1,-1
386,387,1,-4,-1,-1
387,388,1,18,-1,-1
388,389,1,-4,-1,-1
389,390,1,14,-1,-1
390,391,0,1225,-1,1
391,392,0,172,1,-1
392,393,1,130,-1,-1
393,394,1,95,-1,-1
394,395,1,161,-1,-1
395,396,1,80,-1,-1
396,397,1,140,-1,-1
397,398,0,27,-1,1
398,399,1,82,1,1
399,400,0,3,1,-1
400,401,0,333,-1,1
401,402,1,415,1,1
402,403,0,-4,1,-1
403,404,0,141,-1,1
404,404.1,0,15,1,-1
404.1,405,0,98,-1,1
405,406,1,-19,1,1
406,407,0,40,1,-1
407,407.1,0,140,-1,1
407.1,408,0,36,1,-1
408,409,1,6,-1,-1
409,410,1,9,-1,-1
410,411,0,32,-1,1
411,412,0,194,1,-1
412,413,1,109,-1,-1
413,414,1,50,-1,-1
414,415,1,-44,-1,-1
415,416,1,207,-1,-1
416,417,0,-1,-1,1
417,418,1,-4,1,1
418,419,0,-53,1,-1
419,420,0,137,-1,1
420,421,1,-8,1,1
421,422,1,-8,1,1
422,423,0,53,1,-1
423,424,1,-58,-1,-1
424,425,1,-1,-1,-1
425,426,0,93,-1,1
426,427,0,-17,1,-1
427,428,0,129,-1,1
428,429,1,-4,1,1
429,430,1,-8,1,1
430,431,1,21,1,1
431,432,1,218,1,1
432,433,1,87,1,1
433,434,0,-22,1,-1
434,435,1,160,-1,-1
435,436,1,-4,-1,-1
436,437,1,26,-1,-1
437,438,1,145,-1,-1
438,440,1,46,-1,-1
440,441,1,51,-1,-1
441,442,1,68,-1,-1
442,443,1,2,-1,-1
443,444,1,-40,-1,-1
444,445,0,132,-1,1
445,446,1,31,1,1
446,447,1,32,1,1
447,448,1,-20,1,1
448,449,1,56,1,1
449,450,0,5,1,-1
450,451,1,63,-1,-1
451,452,1,-4,-1,-1
452,453,1,-10,-1,-1
453,454,1,60,-1,-1
454,455,1,18,-1,-1
455,456,0,212,-1,1
456,457,0,65,1,-1
457,458,1,26,-1,-1
458,459,0,139,-1,1
459,460,0,179,1,-1
460,461,1,43,-1,-1
461,462,1,48,-1,-1
462,463,1,-31,-1,-1
463,464,1,-169,-1,-1
464,465,1,-7,-1,-1
465,466,1,39,-1,-1
466,467,1,-4,-1,-1
467,468,0,180,-1,1
468,469,1,321,1,1
469,470,0,5,1,-1
470,471,1,84,-1,-1
471,472,1,-14,-1,-1
472,472.1,0,219,-1,1
472.1,473,0,92,1,-1
473,474,0,67,-1,1
474,475,1,-1,1,1
475,476,1,20,1,1
476,477,1,-41,1,1
477,478,1,63,1,1
478,479,1,7,1,1
479,480,0,3,1,-1
480,481,1,-4,-1,-1
481,482,0,151,-1,1
482,483,1,274,1,1
483,484,1,81,1,1
484,485,1,114,1,1
485,486,0,99,1,-1
486,487,1,142,-1,-1
487,488,1,-70,-1,-1
488,489,1,9,-1,-1
489,490,0,214,-1,1
490,491,1,86,1,1
491,492,0,38,1,-1
492,493,0,162,-1,1
493,494,0,12,1,-1
494,495,0,115,-1,1
495,496,1,-1,1,1
496,497,0,24,1,-1
497,498,1,-4,-1,-1
498,499,1,1,-1,-1
499,500,0,26,-1,1
500,501,1,61,1,1
501,502,0,-20,1,-1
502,503,0,182,-1,1
503,504,1,47,1,1
504,505,1,-4,1,1
505,506,1,109,1,1
506,507,1,50,1,1
507,508,1,156,1,1
508,509,1,173,1,1
509,510,1,195,1,1
510,511,0,-4,1,-1
511,512,1,-65,-1,-1
512,513,1,157,-1,-1
513,514,0,4,-1,1
514,515,0,0,1,-1
515,516,0,31,-1,1
516,517,1,-4,1,1
517,518,1,15,1,1
518,519,1,15,1,1
519,520,1,24,1,1
520,521,1,140,1,1
521,522,1,306,1,1
522,523,1,6,1,1
523,524,0,3,1,-1
524,525,0,-101,-1,1
525,526,0,127,1,-1
526,527,0,374,-1,1
527,528,1,-4,1,1
528,529,1,-8,1,1
529,530,1,-32,1,1
530,531,1,0,1,1
531,532,1,23,1,1
532,533,1,85,1,1
533,534,1,12,1,1
534,535,1,-4,1,1
535,536,1,9,1,1
536,537,0,-4,1,-1
537,538,0,285,-1,1
538,539,1,131,1,1
539,540,0,51,1,-1
540,541,1,120,-1,-1
541,542,0,180,-1,1
542,543,1,-8,1,1
543,544,1,134,1,1
544,545,0,-17,1,-1
545,546,0,104,-1,1
546,547,1,-1,1,1
547,548,1,14,1,1
548,549,1,-4,1,1
549,550,1,32,1,1
550,551,1,-4,1,1
551,552,1,41,1,1
552,553,0,-4,1,-1
553,554,0,46,-1,1
554,555,1,-29,1,1
555,556,1,-8,1,1
556,557,0,-105,1,-1
557,558,1,81,-1,-1
558,559,0,34,-1,1
559,560,1,-4,1,1
560,562,0,9,1,-1
562,563,0,308,-1,1
563,564,1,32,1,1
564,565,1,23,1,1
565,566,0,-111,1,-1
566,567,1,11,-1,-1
567,568,0,-48,-1,1
568,569,0,-50,1,-1
569,570,1,-4,-1,-1
570,571,1,119,-1,-1
571,572,1,62,-1,-1
572,573,1,95,-1,-1
573,573.1,1,15,-1,-1
573.1,574,1,121,-1,-1
574,575,1,-4,-1,-1
575,576,0,-17,-1,1
576,577,0,52,1,-1
577,578,0,-37,-1,1
578,579,1,-4,1,1
579,580,1,-4,1,1
580,581,1,42,1,1
581,582,1,-4,1,1
582,583,1,-29,1,1
583,584,1,61,1,1
584,585,0,13,1,-1
585,586,1,33,-1,-1
586,587,1,24,-1,-1
587,588,0,15,-1,1
588,589,1,100,1,1
589,590,0,184,1,-1
590,591,1,60,-1,-1
591,592,1,77,-1,-1
592,593,0,278,-1,1
593,594,1,109,1,1
594,595,1,-4,1,1
595,596,1,-104,1,1
596,597,0,112,1,-1
597,598,1,80,-1,-1
598,599,1,-4,-1,-1
599,600,1,50,-1,-1
600,601,1,249,-1,-1
601,602,1,9,-1,-1
602,603,0,92,-1,1
603,604,0,-13,1,-1
604,605,0,93,-1,1
605,606,1,7,1,1
606,607,0,44,1,-1
607,608,0,-86,-1,1
608,608.1,1,-25,1,1
608.1,609,0,128,1,-1
609,610,1,23,-1,-1
610,611,1,35,-1,-1
611,612,0,153,-1,1
612,613,0,22,1,-1
613,614,0,277,-1,1
614,615,1,68,1,1
615,616,1,-4,1,1
616,617,1,1,1,1
617,618,1,5,1,1
618,619,1,-40,1,1
619,620,1,-52,1,1
620,621,1,-16,1,1
621,622,1,130,1,1
622,623,1,-4,1,1
623,624,1,-65,1,1
624,625,0,51,1,-1
625,626,1,-7,-1,-1
626,627,1,182,-1,-1
627,628,1,250,-1,-1
628,629,1,-4,-1,-1
629,630,1,76,-1,-1
630,631,1,0,-1,-1
631,632,0,457,-1,1
632,633,1,216,1,1
633,635,1,-77,1,1
635,636,1,37,1,1
636,637,1,1,1,1
637,638,1,-4,1,1
638,638.1,1,-4,1,1
638.1,639,1,366,1,1
639,640,0,-8,1,-1
640,641,1,51,-1,-1
641,642,0,-21,-1,1
642,643,0,18,1,-1
643,644,0,-61,-1,1
644,645,1,-22,1,1
645,645.1,0,-4,1,-1
645.1,645.2,0,-36,-1,1
645.2,646,1,-4,1,1
646,647,1,128,1,1
647,648,1,-4,1,1
648,649,1,394,1,1
649,650,1,-41,1,1
650,651,1,92,1,1
651,652,1,-1,1,1
652,653,0,93,1,-1
653,654,0,35,-1,1
654,655,0,-79,1,-1
655,656,1,59,-1,-1
656,657,1,92,-1,-1
657,658,1,38,-1,-1
658,659,1,-1,-1,-1
659,660,1,275,-1,-1
660,661,1,48,-1,-1
661,662,1,132,-1,-1
662,662.1,0,79,-1,1
662.1,663,1,347,1,1
663,664,1,50,1,1
664,665,1,-14,1,1
665,666,1,3,1,1
666,667,1,654,1,1
667,668,1,31,1,1
668,669,1,51,1,1
669,669.1,1,66,1,1
669.1,670,0,68,1,-1
670,671,1,22,-1,-1
671,672,1,123,-1,-1
672,673,1,76,-1,-1
673,674,1,16,-1,-1
674,675,1,-94,-1,-1
675,676,0,85,-1,1
676,677,1,-76,1,1
677,679,1,-1,1,1
679,680,1,330,1,1
680,681,1,36,1,1
681,682,0,-8,1,-1
682,683,0,-8,-1,1
683,684,1,80,1,1
684,685,0,387,1,-1
685,686,1,94,-1,-1
686,687,1,75,-1,-1
687,688,1,275,-1,-1
688,689,1,-14,-1,-1
689,690,1,103,-1,-1
690,691,1,-4,-1,-1
691,692,0,-13,-1,1
692,692.1,1,62,1,1
692.1,693,1,-89,1,1
693,694,1,154,1,1
694,695,1,264,1,1
695,696,1,44,1,1
696,697,0,-4,1,-1
697,698,1,-8,-1,-1
698,699,0,194,-1,1
699,700,1,31,1,1
700,701,1,59,1,1
701,702,1,10,1,1
702,703,1,2,1,1
703,704,1,-4,1,1
704,705,0,11,1,-1
705,706,1,-4,-1,-1
706,706.1,0,84,-1,1
706.1,707,0,55,1,-1
707,708,1,1,-1,-1
708,709,0,238,-1,1
709,710,1,248,1,1
710,711,1,-1,1,1
711,712,1,80,1,1
712,713,1,230,1,1
713,714,1,137,1,1
714,715,1,152,1,1
715,716,1,13,1,1
716,717,0,-4,1,-1
717,717.1,1,112,-1,-1
717.1,718,1,224,-1,-1
718,719,1,-4,-1,-1
719,719.1,0,-9,-1,1
719.1,719.2,1,2,1,1
719.2,720,1,-4,1,1
720,721,1,2,1,1
721,722,1,119,1,1
722,723,1,48,1,1
723,724,1,1,1,1
724,724.1,1,-11,1,1
724.1,725,1,133,1,1
725,726,0,362,1,-1
726,726.1,1,296,-1,-1
726.1,727,0,92,-1,1
727,728,1,16,1,1
728,729,1,-1,1,1
729,730,1,-1,1,1
730,731,1,308,1,1
731,732,1,40,1,1
732,733,1,-4,1,1
733,734,1,-1,1,1
734,735,1,3,1,1
735,736,1,-1,1,1
736,737,1,-1,1,1
737,738,1,258,1,1
738,739,1,47,1,1
739,740,1,300,1,1
740,740.1,1,167,1,1
740.1,741,1,186,1,1
741,741.1,1,0,1,1
741.1,742,1,-1,1,1
742,742.1,1,4,1,1
742.1,743,1,164,1,1
743,744,1,23,1,1
744,745,1,2,1,1
745,746,1,19,1,1
746,747,1,2,1,1
747,748,1,-1,1,1
748,749,1,284,1,1
749,750,0,4,1,-1
750,751,1,92,-1,-1
751,752,1,202,-1,-1
752,753,1,-4,-1,-1
753,754,0,30,-1,1
754,755,1,12,1,1
755,756,0,88,1,-1
756,756.1,0,160,-1,1
756.1,757,1,-4,1,1
757,758,1,2,1,1
758,759,1,72,1,1
759,760,1,63,1,1
760,761,1,54,1,1
761,762,1,47,1,1
762,762.1,1,-4,1,1
762.1,763,1,148,1,1
763,764,1,244,1,1
764,765,1,33,1,1
765,766,1,-4,1,1
766,767,1,230,1,1
767,768,1,141,1,1
768,768.1,0,168,1,-1
768.1,769,1,68,-1,-1
769,770,1,-4,-1,-1
770,771,1,79,-1,-1
771,772,0,-52,-1,1
772,772.1,1,19,1,1
772.1,772.2,1,76,1,1
772.2,772.5,1,79,1,1
772.5,772.6,1,81,1,1
772.6,773,1,23,1,1
773,773.1,0,80,1,-1
773.1,774,0,134,-1,1
774,775,0,68,1,-1
775,776,1,10,-1,-1
776,777,1,6,-1,-1
777,778,0,205,-1,1
778,779,0,189,1,-1
779,780,1,298,-1,-1
780,781,0,169,-1,1
781,782,1,128,1,1
782,783,1,44,1,1
783,784,0,-29,1,-1
784,785,1,39,-1,-1
785,786,1,12,-1,-1
786,787,1,197,-1,-1
787,787.1,1,2,-1,-1
787.1,788,1,-34,-1,-1
788,789,1,-1,-1,-1
789,790,1,-1,-1,-1
790,791,1,-4,-1,-1
791,792,0,201,-1,1
792,793,1,30,1,1
793,794,1,97,1,1
794,795,1,-4,1,1
795,796,1,11,1,1
796,797,0,-4,1,-1
797,798,1,50,-1,-1
798,799,0,55,-1,1
799,800,0,-47,1,-1
800,801,0,244,-1,1
801,802,1,4,1,1
802,803,0,-4,1,-1
803,804,0,-13,-1,1
804,805,1,-1,1,1
805,806,0,-72,1,-1
806,807,1,19,-1,-1
807,808,0,29,-1,1
808,809,1,15,1,1
809,810,0,34,1,-1
810,811,0,-24,-1,1
811,812,1,105,1,1
812,813,1,-4,1,1
813,814,0,16,1,-1
814,815,1,21,-1,-1
815,816,1,-4,-1,-1
816,817,1,-4,-1,-1
817,818,0,329,-1,1
818,819,0,-11,1,-1
819,820,1,-4,-1,-1
820,821,0,44,-1,1
821,822,0,352,1,-1
822,823,0,191,-1,1
823,824,1,-4,1,1
824,825,1,120,1,1
825,826,0,-56,1,-1
826,827,1,34,-1,-1
827,828,0,162,-1,1
828,829,1,86,1,1
829,830,1,30,1,1
830,831,0,85,1,-1
831,832,1,146,-1,-1
832,833,0,64,-1,1
833,834,0,45,1,-1
834,835,1,-4,-1,-1
835,836,1,67,-1,-1
836,837,1,1,-1,-1
837,838,1,292,-1,-1
838,839,1,-4,-1,-1
839,840,0,90,-1,1
840,841,1,-4,1,1
841,842,1,42,1,1
842,843,0,55,1,-1
843,844,1,57,-1,-1
844,845,1,165,-1,-1
845,846,1,87,-1,-1
846,847,1,161,-1,-1
847,848,0,-34,-1,1
848,849,0,51,1,-1
849,850,0,330,-1,1
850,851,1,104,1,1
851,852,0,18,1,-1
852,853,1,581,-1,-1
853,854,0,348,-1,1
854,854.1,1,-4,1,1
854.1,855,0,226,1,-1
855,856,0,260,-1,1
856,856.1,0,-20,1,-1
856.1,857,1,149,-1,-1
857,858,1,-23,-1,-1
858,859,1,261,-1,-1
859,860,0,313,-1,1
860,861,1,86,1,1
861,862,0,67,1,-1
862,863,0,275,-1,1
863,864,1,240,1,1
864,865,1,-17,1,1
865,866,0,63,1,-1
866,867,0,71,-1,1
867,868,0,-18,1,-1
868,869,1,110,-1,-1
869,870,0,124,-1,1
870,871,1,106,1,1
871,872,1,-1,1,1
872,873,1,-4,1,1
873,874,0,-4,1,-1
874,875,0,81,-1,1
875,876,0,40,1,-1
876,877,0,64,-1,1
877,878,1,5,1,1
878,879,1,83,1,1
879,880,1,27,1,1
880,881,0,-4,1,-1
881,882,0,156,-1,1
882,883,1,4,1,1
883,884,0,67,1,-1
884,885,1,296,-1,-1
885,886,0,-14,-1,1
886,887,1,9,1,1
887,888,1,-4,1,1
888,889,1,-4,1,1
889,890,0,17,1,-1
890,891,1,447,-1,-1
891,892,1,3,-1,-1
892,892.1,1,-4,-1,-1
892.1,893,0,164,-1,1
893,894,0,118,1,-1
894,895,1,80,-1,-1
895,896,0,-12,-1,1
896,897,0,88,1,-1
897,898,1,-25,-1,-1
898,899,1,-4,-1,-1
899,900,0,104,-1,1
900,901,0,8,1,-1
901,902,1,274,-1,-1
902,903,1,-4,-1,-1
903,904,0,111,-1,1
904,905,1,-4,1,1
905,906,0,-4,1,-1
906,907,1,156,-1,-1
907,908,0,207,-1,1
908,909,1,18,1,1
909,910,0,-18,1,-1
910,910.1,0,-34,-1,1
910.1,910.2,1,121,1,1
910.2,910.3,1,138,1,1
910.3,910.4,0,-90,1,-1
910.4,911,0,301,-1,1
911,912,0,34,1,-1
912,914,1,86,-1,-1
914,915,1,1,-1,-1
915,915.1,0,5,-1,1
915.1,916,1,-4,1,1
916,917,0,-23,1,-1
917,918,0,228,-1,1
918,919,1,31,1,1
919,920,1,172,1,1
920,921,0,40,1,-1
921,921.1,1,25,-1,-1
921.1,922,0,107,-1,1
922,923,1,12,1,1
923,924,1,-4,1,1
924,925,0,16,1,-1
925,926,1,-59,-1,-1
926,927,1,130,-1,-1
927,928,0,26,-1,1
928,929,1,5,1,1
929,930,1,-16,1,1
930,931,1,-4,1,1
931,932,1,269,1,1
932,933,1,125,1,1
933,934,1,5,1,1
934,934.1,1,97,1,1
934.1,936,1,244,1,1
936,937,0,134,1,-1
937,938,1,-11,-1,-1
938,939,1,1,-1,-1
939,940,1,92,-1,-1
940,941,1,5,-1,-1
941,942,0,443,-1,1
942,943,1,-4,1,1
943,944,1,28,1,1
944,945,1,-4,1,1
945,946,0,-15,1,-1
946,947,1,180,-1,-1
947,948,0,287,-1,1
948,949,1,-1,1,1
949,950,0,175,1,-1
950,951,1,0,-1,-1
951,952,1,28,-1,-1
952,953,1,76,-1,-1
953,954,1,53,-1,-1
954,955,0,214,-1,1
955,956,1,12,1,1
956,957,1,-4,1,1
957,958,0,6,1,-1
958,959,1,21,-1,-1
959,960,0,215,-1,1
960,961,1,20,1,1
961,962,1,59,1,1
962,963,1,1,1,1
963,964,0,-24,1,-1
964,965,0,115,-1,1
965,966,1,-4,1,1
966,967,0,246,1,-1
967,968,1,84,-1,-1
968,968.1,1,-13,-1,-1
968.1,969,1,145,-1,-1
969,970,0,49,-1,1
970,971,1,5,1,1
971,972,0,15,1,-1
972,973,1,100,-1,-1
973,974,1,229,-1,-1
974,975,1,115,-1,-1
975,976,0,-40,-1,1
976,977,0,80,1,-1
977,978,0,309,-1,1
978,979,1,12,1,1
979,980,0,-4,1,-1
980,981,0,164,-1,1
981,982,1,39,1,1
982,983,1,115,1,1
983,984,1,-4,1,1
984,985,1,106,1,1
985,986,1,-8,1,1
986,987,1,53,1,1
987,988,1,-4,1,1
988,989,1,145,1,1
989,990,0,18,1,-1
990,991,1,-4,-1,-1
991,992,1,45,-1,-1
992,992.1,1,98,-1,-1
992.1,993,1,165,-1,-1
993,994,1,14,-1,-1
994,995,0,49,-1,1
995,996,1,-4,1,1
996,997,1,-11,1,1
997,998,1,-4,1,1
998,999.1,0,90,1,-1
999.1,1000,1,-1,-1,-1
1000,1001,1,-4,-1,-1
1001,1002,1,5,-1,-1
1002,1003,1,-4,-1,-1
1003,1003.1,1,-4,-1,-1
1003.1,1004,0,167,-1,1
1004,1006.1,0,216,1,-1
1006.1,1007,0,178,-1,1
1007,1008,0,18,1,-1
1008,1009,0,319,-1,1
1009,1010,1,-1,1,1
1010,1011,1,97,1,1
1011,1012,1,-4,1,1
1012,1013,0,19,1,-1
1013,1014,0,322,-1,1
1014,1015,1,-8,1,1
1015,1017,1,6,1,1
1017,1018,0,128,1,-1
1018,1019,1,36,-1,-1
1019,1020,1,72,-1,-1
1020,1021,1,52,-1,-1
1021,1022,0,106,-1,1
1022,1023,1,76,1,1
1023,1024,1,62,1,1
1024,1025,1,61,1,1
1025,1025.1,1,173,1,1
1025.1,1025.2,1,85,1,1
1025.2,1025.3,0,60,1,-1
1025.3,1026,0,78,-1,1
1026,1027,1,74,1,1
1027,1028,1,17,1,1
1028,1029,0,5,1,-1
1029,1030,0,36,-1,1
1030,1031,0,34,1,-1
1031,1032,0,82,-1,1
1032,1033,0,9,1,-1
1033,1034,1,34,-1,-1
1034,1035,0,-161,-1,1
1035,1036,0,26,1,-1
1036,1037,0,376,-1,1
1037,1038,1,207,1,1
1038,1039,1,-28,1,1
1039,1040,1,85,1,1
1040,1040.1,0,269,1,-1
1040.1,1041,0,-35,-1,1
1041,1042,0,73,1,-1
1042,1043,1,12,-1,-1
1043,1044,1,216,-1,-1
1044,1045,1,35,-1,-1
1045,1046,1,91,-1,-1
1046,1047,0,185,-1,1
1047,1048,1,58,1,1
1048,1049,1,92,1,1
1049,1050,1,9,1,1
1050,1051,1,96,1,1
1051,1052,1,4,1,1
1052,1053,1,-8,1,1
1053,1054,1,-10,1,1
1054,1054.1,0,1,1,-1
1054.1,1055,0,61,-1,1
1055,1056,0,-4,1,-1
1056,1057,1,-4,-1,-1
1057,1058,0,292,-1,1
1058,1059,1,-4,1,1
1059,1060,1,-1,1,1
1060,1061,0,3,1,-1
1061,1062,1,7,-1,-1
1062,1063,1,124,-1,-1
1063,1065,1,67,-1,-1
1065,1066,1,482,-1,-1
1066,1067,1,26,-1,-1
1067,1068,1,115,-1,-1
1068,1069,1,76,-1,-1
1069,1070,0,313,-1,1
1070,1070.1,1,109,1,1
1070.1,1071,0,-22,1,-1
1071,1072,1,99,-1,-1
1072,1073,1,282,-1,-1
1073,1074,0,246,-1,1
1074,1075,1,-4,1,1
1075,1075.1,0,81,1,-1
1075.1,1076,0,-64,-1,1
1076,1077,1,84,1,1
1077,1078,0,130,1,-1
1078,1079,0,232,-1,1
1079,1080,1,45,1,1
1080,1081,0,158,1,-1
1081,1082,1,294,-1,-1
1082,1083,0,101,-1,1
1083,1083.1,1,-14,1,1
1083.1,1083.2,1,80,1,1
1083.2,1084,1,-19,1,1
1084,1085,1,385,1,1
1085,1086,0,211,1,-1
1086,1087,0,378,-1,1
1087,1088,1,106,1,1
1088,1089,1,33,1,1
1089,1090,1,52,1,1
1090,1091,1,33,1,1
1091,1092,1,-23,1,1
1092,1093,0,0,1,-1
1093,1094,1,80,-1,-1
1094,1095,0,111,-1,1
1095,1096,1,-4,1,1
1096,1096.1,0,27,1,-1
1096.1,1096.2,0,104,-1,1
1096.2,1097,0,105,1,-1
1097,1098,0,68,-1,1
1098,1099,0,83,1,-1
1099,1100,1,-4,-1,-1
1100,1101,1,11,-1,-1
1101,1102,0,186,-1,1
1102,1103,1,106,1,1
1103,1104,0,73,1,-1
1104,1105,1,52,-1,-1
1105,1106,0,201,-1,1
1106,1107,0,-37,1,-1
1107,1108,0,-18,-1,1
1108,1109,1,201,1,1
1109,1110,1,31,1,1
1110,1111,0,70,1,-1
1111,1112,1,185,-1,-1
1112,1113,0,74,-1,1
1113,1114,1,-4,1,1
1114,1115,1,-14,1,1
1115,1116,1,9,1,1
1116,1117,0,-31,1,-1
1117,1118,0,110,-1,1
1118,1118.1,1,137,1,1
1118.1,1118.2,1,176,1,1
1118.2,1119,1,134,1,1
1119,1120,1,16,1,1
1120,1121,1,93,1,1
1121,1122,1,191,1,1
1122,1122.1,0,245,1,-1
1122.1,1123,0,19,-1,1
1123,1124,0,217,1,-1
1124,1125,0,387,-1,1
1125,1126,1,104,1,1
1126,1127,1,210,1,1
1127,1128,1,86,1,1
1128,1129,0,2,1,-1
1129,1130,1,-4,-1,-1
1130,1131,1,30,-1,-1
1131,1132,0,250,-1,1
1132,1133,0,6,1,-1
1133,1134,1,111,-1,-1
1134,1135,1,-1,-1,-1
1135,1136,0,94,-1,1
1136,1137,0,17,1,-1
1137,1138,1,9,-1,-1
1138,1139,1,-26,-1,-1
1139,1140,1,-4,-1,-1
1140,1141,0,107,-1,1
1141,1142,0,16,1,-1
1142,1143,0,62,-1,1
1143,1143.1,1,87,1,1
1143.1,1144,1,-4,1,1
1144,1145,1,202,1,1
1145,1147,1,69,1,1
1147,1148,0,-74,1,-1
1148,1149,0,242,-1,1
1149,1150,0,14,1,-1
1150,1151,1,32,-1,-1
1151,1152,1,-55,-1,-1
1152,1153,0,202,-1,1
1153,1154,1,21,1,1
1154,1155,0,-8,1,-1
1155,1156,0,47,-1,1
1156,1157,1,4,1,1
1157,1157.1,1,62,1,1
1157.1,1158,0,3,1,-1
1158,1159,1,-4,-1,-1
1159,1160,1,305,-1,-1
1160,1161,1,101,-1,-1
1161,1162,0,20,-1,1
1162,1163,1,-4,1,1
1163,1164,1,-40,1,1
1164,1165,0,11,1,-1
1165,1166,1,375,-1,-1
1166,1167,0,80,-1,1
1167,1168,0,113,1,-1
1168,1169,0,131,-1,1
1169,1169.1,1,49,1,1
1169.1,1170,1,86,1,1
1170,1171,0,33,1,-1
1171,1172,1,-4,-1,-1
1172,1172.1,1,282,-1,-1
1172.1,1173,0,-72,-1,1
1173,1174,0,7,1,-1
1174,1175,1,142,-1,-1
1175,1176,0,-2,-1,1
1176,1177,1,11,1,1
1177,1178,0,127,1,-1
1178,1179.1,0,231,-1,1
1179.1,1180,1,132,1,1
1180,1181,1,91,1,1
1181,1182,0,53,1,-1
1182,1183,1,-31,-1,-1
1183,1184,0,94,-1,1
1184,1185,0,83,1,-1
1185,1186,0,37,-1,1
1186,1187,0,-23,1,-1
1187,1188,1,-4,-1,-1
1188,1189,0,58,-1,1
1189,1190,1,157,1,1
1190,1191,1,87,1,1
1191,1192,1,-4,1,1
1192,1193,0,19,1,-1
1193,1194,1,-4,-1,-1
1194,1195,0,126,-1,1
1195,1196,0,-4,1,-1
1196,1197,0,5,-1,1
1197,1198,1,307,1,1
1198,1199,1,38,1,1
1199,1200,1,41,1,1
1200,1201,1,17,1,1
1201,1202,1,21,1,1
1202,1203,1,97,1,1
1203,1204,0,27,1,-1
1204,1205,1,71,-1,-1
1205,1206,1,17,-1,-1
1206,1207,0,161,-1,1
1207,1208,1,64,1,1
1208,1209,0,7,1,-1
1209,1210,0,249,-1,1
1210,1211,0,167,1,-1
1211,1212,1,200,-1,-1
1212,1213,1,-4,-1,-1
1213,1214,0,38,-1,1
1214,1215,1,32,1,1
1215,1216,0,27,1,-1
1216,1217,1,-58,-1,-1
1217,1218,0,377,-1,1
1218,1219,1,52,1,1
1219,1220,1,66,1,1
1220,1221,0,3,1,-1
1221,1222,1,128,-1,-1
1222,1223,1,176,-1,-1
1223,1224,0,84,-1,1
1224,1225,1,-1,1,1
1225,1226,1,81,1,1
1226,1227,1,15,1,1
1227,1228,1,30,1,1
1228,1229,1,81,1,1
1229,1230,1,39,1,1
1230,1231,0,32,1,-1
1231,1232,1,91,-1,-1
1232,1233,0,134,-1,1
1233,1234,1,46,1,1
1234,1235,1,134,1,1
1235,1236,1,50,1,1
1236,1237,0,67,1,-1
1237,1238,0,273,-1,1
1238,1239,0,-4,1,-1
1239,1240,0,90,-1,1
1240,1241,0,-4,1,-1
1241,1242,1,30,-1,-1
1242,1243,0,94,-1,1
1243,1244,1,49,1,1
1244,1245,1,65,1,1
1245,1246,1,-4,1,1
1246,1247,1,38,1,1
1247,1248,1,-4,1,1
1248,1249,1,61,1,1
1249,1250,0,27,1,-1
1250,1251,0,174,-1,1
1251,1252,0,242,1,-1
1252,1253,1,133,-1,-1
1253,1254,1,27,-1,-1
1254,1255,1,8,-1,-1
1255,1256,1,-4,-1,-1
1256,1257,1,-11,-1,-1
1257,1258,1,141,-1,-1
1258,1259,0,262,-1,1
1259,1260,1,-38,1,1
1260,1261,1,67,1,1
1261,1262,1,1,1,1
1262,1263,0,32,1,-1
1263,1264,1,110,-1,-1
1264,1264.1,0,-16,-1,1
1264.1,1265,1,46,1,1
1265,1266,1,51,1,1
1266,1267,0,74,1,-1
1267,1268,1,12,-1,-1
1268,1269,1,124,-1,-1
1269,1270,1,-4,-1,-1
1270,1271,1,61,-1,-1
1271,1272,0,140,-1,1
1272,1273,1,20,1,1
1273,1274,1,-4,1,1
1274,1275,1,4,1,1
1275,1276,1,4,1,1
1276,1277,0,76,1,-1
1277,1278,0,170,-1,1
1278,1279,1,39,1,1
1279,1280,1,-4,1,1
1280,1280.1,0,22,1,-1
1280.1,1281,0,107,-1,1
1281,1283,0,80,1,-1
1283,1284,1,56,-1,-1
1284,1285,0,25,-1,1
1285,1286,0,94,1,-1
1286,1287,1,141,-1,-1
1287,1288,1,25,-1,-1
1288,1289,0,18,-1,1
1289,1290,0,-98,1,-1
1290,1291,1,31,-1,-1
1291,1292,0,65,-1,1
1292,1293,1,-4,1,1
1293,1294,0,-32,1,-1
1294,1295,1,-1,-1,-1
1295,1296,1,113,-1,-1
1296,1297,1,-4,-1,-1
1297,1297.1,0,91,-1,1
1297.1,1298,1,-32,1,1
1298,1299,0,124,1,-1
1299,1300,1,4,-1,-1
1300,1301,0,22,-1,1
1301,1302,1,74,1,1
1302,1303,1,172,1,1
1303,1304,0,19,1,-1
1304,1305,1,340,-1,-1
1305,1305.1,1,47,-1,-1
1305.1,1306,1,-40,-1,-1
1306,1307,1,222,-1,-1
1307,1308,1,12,-1,-1
1308,1309,1,212,-1,-1
1309,1310,1,101,-1,-1
1310,1311,1,-4,-1,-1
1311,1312,0,131,-1,1
1312,1312.1,1,-52,1,1
1312.1,1313,0,144,1,-1
1313,1314,0,219,-1,1
1314,1315,1,-4,1,1
1315,1316,1,20,1,1
1316,1317,0,16,1,-1
1317,1318,1,-8,-1,-1
1318,1319,1,-4,-1,-1
1319,1320,1,-4,-1,-1
1320,1321,0,-2,-1,1
1321,1322,1,61,1,1
1322,1323,1,162,1,1
1323,1324,1,-1,1,1
1324,1325,1,53,1,1
1325,1326,1,57,1,1
1326,1327,1,48,1,1
1327,1328,0,138,1,-1
1328,1329,0,-2,-1,1
1329,1330,0,126,1,-1
1330,1330.1,0,24,-1,1
1330.1,1331,1,213,1,1
1331,1332,1,-4,1,1
1332,1333,1,3,1,1
1333,1334,1,-4,1,1
1334,1335,1,217,1,1
1335,1336,1,256,1,1
1336,1337,1,150,1,1
1337,1338,1,89,1,1
1338,1339,1,59,1,1
1339,1340,1,15,1,1
1340,1341,1,80,1,1
1341,1342,1,161,1,1
1342,1343,1,-4,1,1
1343,1344,1,-8,1,1
1344,1345,1,48,1,1
1345,1346,1,30,1,1
1346,1347,1,6,1,1
1347,1348,1,44,1,1
1348,1349,1,6,1,1
1349,1350,1,39,1,1
1350,1351,1,13,1,1
1351,1352,1,7,1,1
1352,1353,0,39,1,-1
1353,1354,1,165,-1,-1
1354,1355,0,68,-1,1
1355,1356,1,1886,1,1
1356,1357,0,3520,1,-1
1357,1358,1,-28,-1,-1
1358,1359,1,80,-1,-1
1359,1360,1,69,-1,-1
1360,1361,1,6,-1,-1
1361,1362,1,12,-1,-1
1362,1363,0,61,-1,1
1363,1363.1,1,22,1,1
1363.1,1364,0,34,1,-1
1364,1365,0,90,-1,1
1365,1366,1,129,1,1
1366,1367,0,77,1,-1
1367,1367.1,0,142,-1,1
1367.1,1368,0,96,1,-1
1368,1369,1,7,-1,-1
1369,1370,0,30,-1,1
1370,1371,0,39,1,-1
1371,1372,1,23,-1,-1
1372,1373,0,101,-1,1
1373,1374,1,-41,1,1
1374,1375,1,16,1,1
1375,1376,1,7,1,1
1376,1376.1,1,21,1,1
1376.1,1377,1,9,1,1
1377,1378,1,29,1,1
1378,1379,1,-4,1,1
1379,1380,1,26,1,1
1380,1381,1,16,1,1
1381,1382,1,38,1,1
1382,1383,0,-4,1,-1
1383,1384,1,-4,-1,-1
1384,1385,0,44,-1,1
1385,1387,1,161,1,1
1387,1388,1,-1,1,1
1388,1389,0,-34,1,-1
1389,1390,0,441,-1,1
1390,1392,1,-4,1,1
1392,1393,1,128,1,1
1393,1394,1,-4,1,1
1394,1395,1,202,1,1
1395,1396,0,65,1,-1
1396,1397,1,19,-1,-1
1397,1398,1,8,-1,-1
1398,1399,1,215,-1,-1
1399,1400,1,472,-1,-1
1400,1401,1,19,-1,-1
1401,1402,0,235,-1,1
1402,1403,1,72,1,1
1403,1404,0,47,1,-1
1404,1405,0,138,-1,1
1405,1406,0,72,1,-1
1406,1407,1,314,-1,-1
1407,1408,1,-4,-1,-1
1408,1409,1,-32,-1,-1
1409,1410,1,290,-1,-1
1410,1411,1,54,-1,-1
1411,1412,0,220,-1,1
1412,1413,1,-32,1,1
1413,1414,0,71,1,-1
1414,1414.1,0,105,-1,1
1414.1,1415,1,50,1,1
1415,1416,1,39,1,1
1416,1417,1,-4,1,1
1417,1418,1,23,1,1
1418,1418.1,0,79,1,-1
1418.1,1419,0,301,-1,1
1419,1420,1,-4,1,1
1420,1421,0,-63,1,-1
1421,1422,1,-32,-1,-1
1422,1423,0,-2,-1,1
1423,1424,1,-4,1,1
1424,1425,1,-4,1,1
1425,1426,1,-4,1,1
1426,1427,1,32,1,1
1427,1428,1,-1,1,1
1428,1429,1,-4,1,1
1429,1430,1,194,1,1
1430,1431,1,-4,1,1
1431,1432,0,54,1,-1
1432,1433,0,236,-1,1
1433,1434,1,107,1,1
1434,1435,1,-4,1,1
1435,1436,1,15,1,1
1436,1437,1,118,1,1
1437,1438,0,72,1,-1
1438,1439,1,-4,-1,-1
1439,1440,0,77,-1,1
1440,1440.1,0,45,1,-1
1440.1,1441,1,254,-1,-1
1441,1442,1,-4,-1,-1
1442,1443,1,70,-1,-1
1443,1444,1,24,-1,-1
1444,1445,0,-50,-1,1
1445,1446,1,80,1,1
1446,1447,0,17,1,-1
1447,1448,0,123,-1,1
1448,1449,0,71,1,-1
1449,1450,0,196,-1,1
1450,1451,1,-4,1,1
1451,1452,1,33,1,1
1452,1453,1,-4,1,1
1453,1454,0,-4,1,-1
1454,1455,1,5,-1,-1
1455,1456,0,75,-1,1
1456,1457,1,349,1,1
1457,1458,1,104,1,1
1458,1459,1,-4,1,1
1459,1460,1,-4,1,1
1460,1461,1,24,1,1
1461,1462,1,179,1,1
1462,1463,1,63,1,1
1463,1464,1,-4,1,1
1464,1465,1,-4,1,1
1465,1466,1,-10,1,1
1466,1467,0,9,1,-1
1467,1468,0,-18,-1,1
1468,1469,0,-131,1,-1
1469,1470,1,-1,-1,-1
1470,1471,1,3,-1,-1
1471,1472,0,118,-1,1
1472,1474,1,240,1,1
1474,1475,1,110,1,1
1475,1476,1,-4,1,1
1476,1477,1,163,1,1
1477,1478,1,6,1,1
1478,1479,0,-52,1,-1
1479,1479.1,0,-56,-1,1
1479.1,1480,1,163,1,1
1480,1481,1,2,1,1
1481,1482,1,-4,1,1
1482,1483,0,15,1,-1
1483,1484,1,7,-1,-1
1484,1485,0,450,-1,1
1485,1486,0,138,1,-1
1486,1487,0,106,-1,1
1487,1488,0,-4,1,-1
1488,1489,1,-1,-1,-1
1489,1490,0,63,-1,1
1490,1491,0,279,1,-1
1491,1492,1,16,-1,-1
1492,1493,1,-4,-1,-1
1493,1494,1,52,-1,-1
1494,1495,1,-4,-1,-1
1495,1496,1,16,-1,-1
1496,1497.1,1,362,-1,-1
1497.1,1497.2,1,190,-1,-1
1497.2,1498,0,49,-1,1
1498,1499,0,48,1,-1
1499,1500,0,115,-1,1
1500,1501,0,27,1,-1
1501,1502,0,-41,-1,1
1502,1503,0,-51,1,-1
1503,1504,1,108,-1,-1
1504,1505,1,-4,-1,-1
1505,1506,1,155,-1,-1
1506,1507,0,17,-1,1
1507,1508,1,-4,1,1
1508,1509,1,-4,1,1
1509,1510,1,-4,1,1
1510,1511,1,1,1,1
1511,1512,1,-4,1,1
1512,1513,1,-26,1,1
1513,1514,0,94,1,-1
1514,1514.1,1,106,-1,-1
1514.1,1515,0,226,-1,1
1515,1516,1,43,1,1
1516,1517,1,15,1,1
1517,1518,1,21,1,1
1518,1519,1,35,1,1
1519,1520,1,96,1,1
1520,1521,0,68,1,-1
1521,1522,1,10,-1,-1
1522,1523,0,157,-1,1
1523,1524,1,816,1,1
1524,1525,1,10,1,1
1525,1526,1,138,1,1
1526,1527,1,38,1,1
1527,1528,1,10,1,1
1528,1529,0,72,1,-1
1529,1530,0,104,-1,1
1530,1531,1,18,1,1
1531,1532,1,5,1,1
1532,1533,0,-35,1,-1
1533,1533.1,0,57,-1,1
1533.1,1533.2,1,21,1,1
1533.2,1534,1,9,1,1
1534,1535,1,33,1,1
1535,1536,1,149,1,1
1536,1537,1,97,1,1
1537,1538,0,217,1,-1
1538,1539,0,190,-1,1
1539,1540,1,0,1,1
1540,1541,1,13,1,1
1541,1542,1,-4,1,1
1542,1543,1,-4,1,1
1543,1545,1,55,1,1
1545,1546,0,72,1,-1
1546,1547,1,213,-1,-1
1547,1548,0,-12,-1,1
1548,1549,1,44,1,1
1549,1550,1,11,1,1
1550,1551,1,212,1,1
1551,1552,0,172,1,-1
1552,1553,1,118,-1,-1
1553,1554,1,-4,-1,-1
1554,1555,1,265,-1,-1
1555,1555.1,0,-67,-1,1
1555.1,1556,0,235,1,-1
1556,1556.1,1,173,-1,-1
1556.1,1557,0,3,-1,1
1557,1558,1,201,1,1
1558,1560,1,8,1,1
1560,1560.1,1,3,1,1
1560.1,1561,1,33,1,1
1561,1562,1,-52,1,1
1562,1563,1,-4,1,1
1563,1564,0,17,1,-1
1564,1565,1,34,-1,-1
1565,1566,1,-88,-1,-1
1566,1567,0,220,-1,1
1567,1568,1,8,1,1
1568,1569,1,129,1,1
1569,1570,1,-8,1,1
1570,1571,0,-12,1,-1
1571,1572,0,44,-1,1
1572,1573,0,118,1,-1
1573,1574,0,130,-1,1
1574,1575,1,29,1,1
1575,1576,1,46,1,1
1576,1577,0,-23,1,-1
1577,1578,1,22,-1,-1
1578,1578.1,0,244,-1,1
1578.1,1579,0,191,1,-1
1579,1580,0,51,-1,1
1580,1581,1,116,1,1
1581,1582,1,-4,1,1
1582,1583,0,76,1,-1
1583,1584,0,59,-1,1
1584,1585,1,-4,1,1
1585,1585.1,1,196,1,1
1585.1,1586,1,200,1,1
1586,1587,1,306,1,1
1587,1589,1,145,1,1
1589,1590,0,-36,1,-1
1590,1591,0,51,-1,1
1591,1592,1,-8,1,1
1592,1593,0,6,1,-1
1593,1594,1,54,-1,-1
1594,1595,0,350,-1,1
1595,1596,1,4,1,1
1596,1596.1,1,21,1,1
1596.1,1597,1,48,1,1
1597,1598,1,67,1,1
1598,1599,0,48,1,-1
1599,1600,0,137,-1,1
1600,1601,1,85,1,1
1601,1602,0,97,1,-1
1602,1603,0,-15,-1,1
1603,1604,1,2,1,1
1604,1605,1,-4,1,1
1605,1606,1,-4,1,1
1606,1607,1,67,1,1
1607,1608,1,138,1,1
1608,1609,1,9,1,1
1609,1610,1,34,1,1
1610,1611,1,37,1,1
1611,1612,1,5,1,1
1612,1613,0,16,1,-1
1613,1614,1,-95,-1,-1
1614,1615,1,3,-1,-1
1615,1616,1,38,-1,-1
1616,1617,1,98,-1,-1
1617,1618,1,182,-1,-1
1618,1619,0,247,-1,1
1619,1620,1,-4,1,1
1620,1621,1,-4,1,1
1621,1622,1,-1,1,1
1622,1622.1,0,145,1,-1
1622.1,1623,1,4,-1,-1
1623,1624,0,447,-1,1
1624,1625,1,0,1,1
1625,1626,1,80,1,1
1626,1627,0,54,1,-1
1627,1628,1,8,-1,-1
1628,1629,1,229,-1,-1
1629,1630,0,225,-1,1
1630,1631,1,-1,1,1
1631,1632,1,-31,1,1
1632,1633,1,48,1,1
1633,1634,0,20,1,-1
1634,1635,0,72,-1,1
1635,1636,1,-4,1,1
1636,1637,1,-4,1,1
1637,1638,1,-4,1,1
1638,1639,1,12,1,1
1639,1640,1,7,1,1
1640,1641,1,1,1,1
1641,1641.1,1,-4,1,1
1641.1,1642,1,180,1,1
1642,1643,0,34,1,-1
1643,1644,0,140,-1,1
1644,1645,1,-11,1,1
1645,1646,1,59,1,1
1646,1647,1,32,1,1
1647,1648,1,-1,1,1
1648,1649,1,-1,1,1
1649,1650,0,-50,1,-1
1650,1650.1,1,61,-1,-1
1650.1,1651,0,214,-1,1
1651,1652,1,-11,1,1
1652,1653,1,107,1,1
1653,1654,1,25,1,1
1654,1655,1,57,1,1
1655,1656,0,-67,1,-1
1656,1657,1,-4,-1,-1
1657,1658,1,86,-1,-1
1658,1659,1,29,-1,-1
1659,1660,1,110,-1,-1
1660,1661,1,28,-1,-1
1661,1662,0,225,-1,1
1662,1663,0,67,1,-1
1663,1664,1,-4,-1,-1
1664,1665,0,103,-1,1
1665,1666,1,162,1,1
1666,1667,1,25,1,1
1667,1668,0,150,1,-1
1668,1669,0,121,-1,1
1669,1670,1,-4,1,1
1670,1671,0,-12,1,-1
1671,1672,0,181,-1,1
1672,1673,0,6,1,-1
1673,1675,0,24,-1,1
1675,1676,0,56,1,-1
1676,1677,1,15,-1,-1
1677,1678,1,58,-1,-1
1678,1679,0,249,-1,1
1679,1680,1,49,1,1
1680,1681,1,61,1,1
1681,1682,1,32,1,1
1682,1683,0,10,1,-1
1683,1684,0,309,-1,1
1684,1685,1,44,1,1
1685,1686,1,6,1,1
1686,1687,1,195,1,1
1687,1688,1,-1,1,1
1688,1689,0,93,1,-1
1689,1690,0,193,-1,1
1690,1691,1,-4,1,1
1691,1692,1,-4,1,1
1692,1693,1,-4,1,1
1693,1694,1,-4,1,1
1694,1695,1,-4,1,1
1695,1696,1,-86,1,1
1696,1697,1,79,1,1
1697,1698,1,108,1,1
1698,1701,1,82,1,1
1701,1702,1,19,1,1
1702,1703,1,-1,1,1
1703,1704,1,5,1,1
1704,1705,1,146,1,1
1705,1706,0,-18,1,-1
1706,1707,1,-4,-1,-1
1707,1707.1,0,478,-1,1
1707.1,1708,1,32,1,1
1708,1709,1,-59,1,1
1709,1710,0,8,1,-1
1710,1711,1,92,-1,-1
1711,1712,1,27,-1,-1
1712,1713,0,-2,-1,1
1713,1714,0,-7,1,-1
1714,1715,0,200,-1,1
1715,1716,1,-4,1,1
1716,1717,1,-4,1,1
1717,1718,1,-4,1,1
1718,1719,1,-1,1,1
1719,1720,1,8,1,1
1720,1721,1,-7,1,1
1721,1722,1,229,1,1
1722,1723,1,201,1,1
1723,1724,1,-8,1,1
1724,1725,0,-35,1,-1
1725,1726,1,1,-1,-1
1726,1727,1,71,-1,-1
1727,1727.1,0,58,-1,1
1727.1,1728,1,11,1,1
1728,1729,1,650,1,1
1729,1730,1,38,1,1
1730,1731,1,-4,1,1
1731,1732,1,-4,1,1
1732,1733,1,7,1,1
1733,1734,1,-1,1,1
1734,1735,1,13,1,1
1735,1736,1,95,1,1
1736,1737,1,6,1,1
1737,1738,1,139,1,1
1738,1739,1,-8,1,1
1739,1740,1,-4,1,1
1740,1741,0,73,1,-1
1741,1742,0,280,-1,1
1742,1743,0,59,1,-1
1743,1744,1,-47,-1,-1
1744,1745,1,40,-1,-1
1745,1746,1,39,-1,-1
1746,1746.1,0,454,-1,1
1746.1,1747,0,-16,1,-1
1747,1748,0,196,-1,1
1748,1749,1,221,1,1
1749,1750,1,-4,1,1
1750,1751,1,-4,1,1
1751,1751.1,1,-4,1,1
1751.1,1752,1,-4,1,1
1752,1753,1,-4,1,1
1753,1753.1,1,173,1,1
1753.1,1754,1,-7,1,1
1754,1755,1,2,1,1
1755,1756,1,-1,1,1
1756,1757,0,-146,1,-1
1757,1758,0,-131,-1,1
1758,1759,1,-4,1,1
1759,1760,1,335,1,1
1760,1761,0,47,1,-1
1761,1762,1,-4,-1,-1
1762,1763,0,217,-1,1
1763,1764,1,-4,1,1
1764,1765,0,42,1,-1
1765,1766,1,-11,-1,-1
1766,1767,0,246,-1,1
1767,1768,1,32,1,1
1768,1769,0,24,1,-1
1769,1770,1,-10,-1,-1
1770,1771,1,179,-1,-1
1771,1771.1,0,-46,-1,1
1771.1,1772,1,291,1,1
1772,1773,0,9,1,-1
1773,1774,1,63,-1,-1
1774,1775,0,229,-1,1
1775,1776,0,253,1,-1
1776,1777,1,2,-1,-1
1777,1778,1,98,-1,-1
1778,1779,1,-4,-1,-1
1779,1780,0,109,-1,1
1780,1781,0,13,1,-1
1781,1782,0,67,-1,1
1782,1783,1,-1,1,1
1783,1784,1,7,1,1
1784,1785,1,93,1,1
1785,1786,0,284,1,-1
1786,1787,1,-71,-1,-1
1787,1788,0,146,-1,1
1788,1789,1,67,1,1
1789,1790,1,196,1,1
1790,1791,1,80,1,1
1791,1792,0,-4,1,-1
1792,1793,1,83,-1,-1
1793,1794,0,197,-1,1
1794,1795,1,126,1,1
1795,1796,0,34,1,-1
1796,1797,1,203,-1,-1
1797,1798,0,37,-1,1
1798,1799,0,-4,1,-1
1799,1800,1,128,-1,-1
1800,1801,0,189,-1,1
1801,1802,1,200,1,1
1802,1803,0,513,1,-1
1803,1804,1,50,-1,-1
1804,1805,0,35,-1,1
1805,1807,0,266,1,-1
1807,1808,0,161,-1,1
1808,1809,1,93,1,1
1809,1810,0,9,1,-1
1810,1811,1,-1,-1,-1
1811,1812,1,139,-1,-1
1812,1813,1,97,-1,-1
1813,1814,1,160,-1,-1
1814,1814.2,0,60,-1,1
1814.2,1815,0,-4,1,-1
1815,1816,0,202,-1,1
1816,1817,1,67,1,1
1817,1818,1,180,1,1
1818,1820,1,197,1,1
1820,1820.1,1,7,1,1
1820.1,1821,1,-4,1,1
1821,1821.1,0,194,1,-1
1821.1,1822,1,30,-1,-1
1822,1823,1,42,-1,-1
1823,1824,0,32,-1,1
1824,1825,1,-1,1,1
1825,1826,0,4,1,-1
1826,1827,0,100,-1,1
1827,1828,0,120,1,-1
1828,1829,1,98,-1,-1
1829,1830,0,219,-1,1
1830,1831,0,39,1,-1
1831,1832,0,263,-1,1
1832,1833,1,-4,1,1
1833,1834,0,14,1,-1
1834,1835,0,100,-1,1
1835,1836,1,149,1,1
1836,1837,1,78,1,1
1837,1838,1,-41,1,1
1838,1838.1,1,39,1,1
1838.1,1839,1,72,1,1
1839,1839.1,0,-55,1,-1
1839.1,1840,0,295,-1,1
1840,1841,1,143,1,1
1841,1842,1,50,1,1
1842,1843,1,87,1,1
1843,1844,1,271,1,1
1844,1845,1,-23,1,1
1845,1846,1,-4,1,1
1846,1847,1,-4,1,1
1847,1848,1,626,1,1
1848,1849,1,102,1,1
1849,1849.1,0,-50,1,-1
1849.1,1850,0,243,-1,1
1850,1851,1,111,1,1
1851,1853,0,147,1,-1
1853,1854,1,147,-1,-1
1854,1854.1,1,295,-1,-1
1854.1,1855,0,-38,-1,1
1855,1856,1,14,1,1
1856,1856.1,1,392,1,1
1856.1,1857,1,-547,1,1
1857,1858,1,193,1,1
1858,1859,1,153,1,1
1859,1860,0,9,1,-1
1860,1861,1,330,-1,-1
1861,1862,0,366,-1,1
1862,1863,1,104,1,1
1863,1864,1,62,1,1
1864,1865,1,634,1,1
1865,1866,0,180,1,-1
1866,1867,1,74,-1,-1
1867,1868,0,70,-1,1
1868,1869,1,14,1,1
1869,1870,1,196,1,1
1870,1871,1,-14,1,1
1871,1872,1,28,1,1
1872,1873,1,16,1,1
1873,1874,1,37,1,1
1874,1875,1,239,1,1
1875,1876,1,-4,1,1
1876,1877,1,118,1,1
1877,1879,1,291,1,1
1879,1880,1,358,1,1
1880,1881,0,226,1,-1
1881,1882,0,40,-1,1
1882,1883,0,4,1,-1
1883,1884,1,15,-1,-1
1884,1885,1,119,-1,-1
1885,1886,1,275,-1,-1
1886,1887,1,-4,-1,-1
1887,1888,1,58,-1,-1
1888,1889,1,162,-1,-1
1889,1890,1,-1,-1,-1
1890,1891,1,173,-1,-1
1891,1892,1,32,-1,-1
1892,1893,1,29,-1,-1
1893,1894,1,14,-1,-1
1894,1895,0,277,-1,1
1895,1896,1,48,1,1
1896,1897,1,-4,1,1
1897,1898,1,-1,1,1
1898,1899,1,-1,1,1
1899,1900,1,10,1,1
1900,1901,1,-47,1,1
1901,1902,0,2,1,-1
1902,1903,1,141,-1,-1
1903,1904,1,38,-1,-1
1904,1905,0,161,-1,1
1905,1906,1,59,1,1
1906,1907,1,6,1,1
1907,1908,1,52,1,1
1908,1909,0,234,1,-1
1909,1910,0,100,-1,1
1910,1911,1,71,1,1
1911,1912,0,6,1,-1
1912,1913,1,-8,-1,-1
1913,1914,1,50,-1,-1
1914,1915,0,95,-1,1
1915,1916,0,134,1,-1
1916,1917,0,53,-1,1
1917,1918,0,13,1,-1
1918,1919,1,99,-1,-1
1919,1920,1,64,-1,-1
1920,1921,1,22,-1,-1
1921,1922,0,-11,-1,1
1922,1923,1,54,1,1
1923,1924,1,10,1,1
1924,1924.1,0,5,1,-1
1924.1,1925,0,291,-1,1
1925,1926,1,84,1,1
1926,1927,1,54,1,1
1927,1928,1,2,1,1
1928,1929,0,27,1,-1
1929,1930,1,76,-1,-1
1930,1931,1,-1,-1,-1
1931,1931.1,1,27,-1,-1
1931.1,1932,1,38,-1,-1
1932,1933,1,-25,-1,-1
1933,1934,1,16,-1,-1
1934,1935,0,228,-1,1
1935,1936,0,-31,1,-1
1936,1937,1,335,-1,-1
1937,1940,1,58,-1,-1
1940,1941,0,53,-1,1
1941,1942,1,16,1,1
1942,1943,1,9,1,1
1943,1944,0,34,1,-1
1944,1945,0,72,-1,1
1945,1946,1,147,1,1
1946,1947,0,-141,1,-1
1947,1948,1,4,-1,-1
1948,1949,0,3,-1,1
1949,1950,0,-35,1,-1
1950,1951,1,-49,-1,-1
1951,1952,0,16,-1,1
1952,1953,0,51,1,-1
1953,1954,0,32,-1,1
1954,1955,1,182,1,1
1955,1956,0,47,1,-1
1956,1957,1,29,-1,-1
1957,1957.1,0,75,-1,1
1957.1,1958,0,-9,1,-1
1958,1959,1,6,-1,-1
1959,1960,1,37,-1,-1
1960,1961,1,104,-1,-1
1961,1962,1,46,-1,-1
1962,1963,1,87,-1,-1
1963,1964,0,99,-1,1
1964,1965,0,-23,1,-1
1965,1966,0,134,-1,1
1966,1967,1,14,1,1
1967,1968,0,169,1,-1
1968,1969,1,304,-1,-1
1969,1970,1,370,-1,-1
1970,1971,0,76,-1,1
1971,1972,0,37,1,-1
1972,1973,0,271,-1,1
1973,1974,1,50,1,1
1974,1975,0,36,1,-1
1975,1976,0,66,-1,1
1976,1977,0,7,1,-1
1977,1978,1,129,-1,-1
1978,1979,0,11,-1,1
1979,1980,0,3,1,-1
1980,1980.1,1,44,-1,-1
1980.1,1980.2,1,11,-1,-1
1980.2,1981,1,17,-1,-1
1981,1982,0,120,-1,1
1982,1983,0,-4,1,-1
1983,1984,1,1,-1,-1
1984,1985,1,14,-1,-1
1985,1986,0,224,-1,1
1986,1987,1,2,1,1
1987,1988,1,11,1,1
1988,1989,1,-4,1,1
1989,1990,1,-4,1,1
1990,1991,1,-4,1,1
1991,1992,0,209,1,-1
1992,1993,1,-28,-1,-1
1993,1994,1,-4,-1,-1
1994,1995,0,-30,-1,1
1995,1997,0,154,1,-1
1997,1998,0,63,-1,1
1998,1998.1,0,288,1,-1
1998.1,1999,1,10,-1,-1
1999,2000,1,20,-1,-1
2000,2001,1,0,-1,-1
2001,2002,0,110,-1,1
2002,2003,1,-4,1,1
2003,2004,1,334,1,1
2004,2005,1,41,1,1
2005,2006,1,-4,1,1
2006,2007,1,56,1,1
2007,2008,0,342,1,-1
2008,2009,1,-4,-1,-1
2009,2010,0,-14,-1,1
2010,2011,1,-1,1,1
2011,2012,0,52,1,-1
2012,2013,1,3,-1,-1
2013,2014,1,32,-1,-1
2014,2015,1,-26,-1,-1
2015,2015.1,1,106,-1,-1
2015.1,2015.2,0,-36,-1,1
2015.2,2016,1,-7,1,1
2016,2017,1,9,1,1
2017,2018,1,4,1,1
2018,2019,1,-4,1,1
2019,2020,1,-94,1,1
2020,2021,1,-4,1,1
2021,2022,1,-4,1,1
2022,2023,1,0,1,1
2023,2024,1,21,1,1
2024,2024.1,1,-4,1,1
2024.1,2025,1,12,1,1
2025,2026,1,15,1,1
2026,2027,0,7,1,-1
2027,2028,1,-4,-1,-1
2028,2029,0,502,-1,1
2029,2030,1,71,1,1
2030,2031,0,-38,1,-1
2031,2032,1,178,-1,-1
2032,2033,1,61,-1,-1
2033,2034,1,224,-1,-1
2034,2035,1,8,-1,-1
2035,2036,0,142,-1,1
2036,2037,0,-13,1,-1
2037,2038,0,114,-1,1
2038,2039,0,84,1,-1
2039,2040,0,108,-1,1
2040,2041,1,415,1,1
2041,2042,1,225,1,1
2042,2042.1,1,179,1,1
2042.1,2043,0,67,1,-1
2043,2044,1,-4,-1,-1
2044,2045,0,85,-1,1
2045,2045.1,0,-100,1,-1
2045.1,2046,1,88,-1,-1
2046,2047,1,-7,-1,-1
2047,2048,1,99,-1,-1
2048,2049,1,-4,-1,-1
2049,2050,1,52,-1,-1
2050,2051,0,156,-1,1
2051,2052,1,95,1,1
2052,2053,1,213,1,1
2053,2054,0,68,1,-1
2054,2055,1,94,-1,-1
2055,2056,0,52,-1,1
2056,2057,1,9,1,1
2057,2058,1,75,1,1
2058,2059,0,120,1,-1
2059,2060,1,57,-1,-1
2060,2061,1,9,-1,-1
2061,2062,0,118,-1,1
2062,2063,0,98,1,-1
2063,2064,1,188,-1,-1
2064,2064.1,0,54,-1,1
2064.1,2065,1,0,1,1
2065,2066,0,182,1,-1
2066,2067,0,40,-1,1
2067,2068,1,-4,1,1
2068,2069,1,458,1,1
2069,2070,1,-47,1,1
2070,2071,0,127,1,-1
2071,2072,0,248,-1,1
2072,2073,1,-4,1,1
2073,2074,1,172,1,1
2074,2075,1,-11,1,1
2075,2076,0,15,1,-1
2076,2077,1,84,-1,-1
2077,2078,1,8,-1,-1
2078,2079,1,24,-1,-1
2079,2080,1,63,-1,-1
2080,2080.1,1,-49,-1,-1
2080.1,2081,1,206,-1,-1
2081,2082,1,144,-1,-1
2082,2083,1,206,-1,-1
2083,2084,1,186,-1,-1
2084,2085,1,114,-1,-1
2085,2086,1,39,-1,-1
2086,2087,1,60,-1,-1
2087,2088,1,-4,-1,-1
2088,2089,1,16,-1,-1
2089,2090,1,11,-1,-1
2090,2091,0,190,-1,1
2091,2092,0,-17,1,-1
2092,2093,1,9,-1,-1
2093,2094,0,64,-1,1
2094,2095,1,-4,1,1
2095,2096,1,-58,1,1
2096,2097,0,6,1,-1
2097,2098,1,1,-1,-1
2098,2099,1,2,-1,-1
2099,2100,1,-14,-1,-1
2100,2101,1,-4,-1,-1
2101,2102,1,37,-1,-1
2102,2103,1,-1,-1,-1
2103,2104,1,40,-1,-1
2104,2105,1,13,-1,-1
2105,2106,0,78,-1,1
2106,2107,0,36,1,-1
2107,2108,1,4,-1,-1
2108,2109,1,306,-1,-1
2109,2110,0,165,-1,1
2110,2111,0,-26,1,-1
2111,2112,1,175,-1,-1
2112,2113,0,-20,-1,1
2113,2114,1,48,1,1
2114,2115,0,135,1,-1
2115,2116,1,-10,-1,-1
2116,2117,1,0,-1,-1
2117,2117.1,1,1,-1,-1
2117.1,2118,1,-1,-1,-1
2118,2119,0,112,-1,1
2119,2120,0,-29,1,-1
2120,2121,1,44,-1,-1
2121,2122,0,74,-1,1
2122,2123,1,76,1,1
2123,2124,1,-17,1,1
2124,2125,1,9,1,1
2125,2126,1,-4,1,1
2126,2127,0,-55,1,-1
2127,2128,1,15,-1,-1
2128,2129,0,-244,-1,1
2129,2130,0,-11,1,-1
2130,2131,1,-4,-1,-1
2131,2132,1,-49,-1,-1
2132,2133,1,67,-1,-1
2133,2134,0,29,-1,1
2134,2135,0,9,1,-1
2135,2136,1,157,-1,-1
2136,2137,1,-14,-1,-1
2137,2138,1,0,-1,-1
2138,2138.1,0,133,-1,1
2138.1,2138.2,0,-26,1,-1
2138.2,2139,0,-237,-1,1
2139,2140,1,-19,1,1
2140,2141,1,-29,1,1
2141,2142,0,-26,1,-1
2142,2143,1,26,-1,-1
2143,2144,0,191,-1,1
2144,2145,1,-4,1,1
2145,2146,1,-14,1,1
2146,2147,1,82,1,1
2147,2148,1,-22,1,1
2148,2149,1,186,1,1
2149,2150,0,16,1,-1
2150,2151,0,215,-1,1
2151,2152,0,3,1,-1
2152,2153,1,41,-1,-1
2153,2154,1,47,-1,-1
2154,2155,1,88,-1,-1
2155,2156,1,-29,-1,-1
2156,2157,1,-4,-1,-1
2157,2158,1,8,-1,-1
2158,2159,1,51,-1,-1
2159,2160,0,179,-1,1
2160,2160.1,1,162,1,1
2160.1,2161,1,43,1,1
2161,2162,1,-8,1,1
2162,2163,0,-22,1,-1
2163,2164,1,3,-1,-1
2164,2165,1,15,-1,-1
2165,2165.1,1,659,-1,-1
2165.1,2166,0,149,-1,1
2166,2167,1,55,1,1
2167,2168,1,288,1,1
2168,2169,0,122,1,-1
2169,2170,1,-4,-1,-1
2170,2171,1,-4,-1,-1
2171,2172,1,112,-1,-1
2172,2173,0,150,-1,1
2173,2174,1,-29,1,1
2174,2175,0,3,1,-1
2175,2176,0,280,-1,1
2176,2177,1,7,1,1
2177,2178,0,28,1,-1
2178,2179,0,73,-1,1
2179,2180,0,22,1,-1
2180,2181,1,45,-1,-1
2181,2182,1,2,-1,-1
2182,2182.1,0,126,-1,1
2182.1,2183,0,-238,1,-1
2183,2184,0,288,-1,1
2184,2185,0,-4,1,-1
2185,2185.1,1,308,-1,-1
2185.1,2186,0,425,-1,1
2186,2187,0,222,1,-1
2187,2188,1,-26,-1,-1
2188,2189,1,174,-1,-1
2189,2190,0,168,-1,1
2190,2191,0,209,1,-1
2191,2192,1,10,-1,-1
2192,2193,1,63,-1,-1
2193,2194,1,-4,-1,-1
2194,2195,1,45,-1,-1
2195,2196,0,14,-1,1
2196,2197,1,313,1,1
2197,2198,0,4,1,-1
2198,2199,1,47,-1,-1
2199,2200,1,586,-1,-1
2200,2201,1,-4,-1,-1
2201,2202,0,254,-1,1
2202,2203,0,129,1,-1
2203,2204,1,94,-1,-1
2204,2205,1,267,-1,-1
2205,2206,1,65,-1,-1
2206,2207,1,-4,-1,-1
2207,2208,1,-13,-1,-1
2208,2209,1,-44,-1,-1
2209,2210,1,106,-1,-1
2210,2211,1,-4,-1,-1
2211,2212,1,-4,-1,-1
2212,2213,1,-4,-1,-1
2213,2214,1,11,-1,-1
2214,2215,1,-29,-1,-1
2215,2216,1,-4,-1,-1
2216,2217,1,-4,-1,-1
2217,2218,1,-116,-1,-1
2218,2218.1,1,-4,-1,-1
2218.1,2219,1,267,-1,-1
2219,2220,1,102,-1,-1
2220,2221,1,209,-1,-1
2221,2222,1,-4,-1,-1
2222,2223,1,-4,-1,-1
2223,2224,1,157,-1,-1
2224,2225,1,348,-1,-1
2225,2226,0,265,-1,1
2226,2227,1,53,1,1
2227,2228,0,-4,1,-1
2228,2229,0,235,-1,1
2229,2230,1,3,1,1
2230,2231,0,-14,1,-1
2231,2232,0,30,-1,1
2232,2233,0,141,1,-1
2233,2234,1,384,-1,-1
2234,2234.1,1,90,-1,-1
2234.1,2235,1,9,-1,-1
2235,2236,0,36,-1,1
2236,2237,0,0,1,-1
2237,2238,1,85,-1,-1
2238,2239,1,-13,-1,-1
2239,2240,1,116,-1,-1
2240,2241,1,104,-1,-1
2241,2242,0,156,-1,1
2242,2243,0,30,1,-1
2243,2244,1,96,-1,-1
2244,2245,1,94,-1,-1
2245,2246,1,128,-1,-1
2246,2247,0,106,-1,1
2247,2248,0,-126,1,-1
2248,2249,0,226,-1,1
2249,2250,1,40,1,1
2250,2251,1,-4,1,1
2251,2252,1,-4,1,1
2252,2253,0,119,1,-1
2253,2254,1,-1,-1,-1
2254,2255,1,185,-1,-1
2255,2256,1,7,-1,-1
2256,2257,0,245,-1,1
2257,2258,0,97,1,-1
2258,2259,0,203,-1,1
2259,2260,0,7,1,-1
2260,2261,1,99,-1,-1
2261,2262,0,89,-1,1
2262,2263,1,78,1,1
2263,2264,1,-4,1,1
2264,2265,1,157,1,1
2265,2266,0,-75,1,-1
2266,2267,1,71,-1,-1
2267,2268,0,-22,-1,1
2268,2269,1,11,1,1
2269,2270,0,37,1,-1
2270,2272,0,263,-1,1
2272,2273,1,-4,1,1
2273,2274,1,22,1,1
2274,2275,1,-4,1,1
2275,2276,1,26,1,1
2276,2277,0,6,1,-1
2277,2278,0,124,-1,1
2278,2279,0,317,1,-1
2279,2280,1,48,-1,-1
2280,2281,1,94,-1,-1
2281,2282,1,61,-1,-1
2282,2283,1,240,-1,-1
2283,2284,0,325,-1,1
2284,2285,1,244,1,1
2285,2285.2,1,549,1,1
2285.2,2286,1,-4,1,1
2286,2287,0,11,1,-1
2287,2289,1,-4,-1,-1
2289,2290,1,-4,-1,-1
2290,2291,1,153,-1,-1
2291,2292,0,122,-1,1
2292,2293,1,-8,1,1
2293,2294,1,-1,1,1
2294,2295,0,-19,1,-1
2295,2296,0,65,-1,1
2296,2297,0,94,1,-1
2297,2298,1,127,-1,-1
2298,2299,1,-1,-1,-1
2299,2300,1,37,-1,-1
2300,2301,0,63,-1,1
2301,2302,1,59,1,1
2302,2303,1,238,1,1
2303,2304,1,75,1,1
2304,2305,1,-4,1,1
2305,2306,1,93,1,1
2306,2307,1,30,1,1
2307,2308,1,194,1,1
2308,2309,0,54,1,-1
2309,2310,1,-1,-1,-1
2310,2311,0,-43,-1,1
2311,2312,1,-4,1,1
2312,2314,1,65,1,1
2314,2315,0,32,1,-1
2315,2316,0,118,-1,1
2316,2317,0,28,1,-1
2317,2318,1,129,-1,-1
2318,2319,1,13,-1,-1
2319,2320,0,294,-1,1
2320,2321,1,-4,1,1
2321,2322,0,76,1,-1
2322,2323,0,88,-1,1
2323,2324,0,-23,1,-1
2324,2325,0,71,-1,1
2325,2326,0,-4,1,-1
2326,2327,0,54,-1,1
2327,2328,1,174,1,1
2328,2329,0,253,1,-1
2329,2330,1,-4,-1,-1
2330,2330.1,1,101,-1,-1
2330.1,2331,0,137,-1,1
2331,2332,1,106,1,1
2332,2333,1,105,1,1
2333,2334,1,-4,1,1
2334,2334.1,0,240,1,-1
2334.1,2335,0,40,-1,1
2335,2336,1,-4,1,1
2336,2337,0,184,1,-1
2337,2338,0,163,-1,1
2338,2339,1,233,1,1
2339,2340,0,106,1,-1
2340,2341,1,48,-1,-1
2341,2342,0,-29,-1,1
2342,2343,1,32,1,1
2343,2344,0,66,1,-1
2344,2345,0,133,-1,1
2345,2345.1,1,-4,1,1
2345.1,2346,1,-31,1,1
2346,2347,1,78,1,1
2347,2348,1,107,1,1
2348,2349,0,0,1,-1
2349,2350,1,38,-1,-1
2350,2351,0,354,-1,1
2351,2352,1,296,1,1
2352,2353,1,93,1,1
2353,2354,1,31,1,1
2354,2355,1,191,1,1
2355,2356,0,5,1,-1
2356,2357,1,73,-1,-1
2357,2358,0,39,-1,1
2358,2359,1,105,1,1
2359,2360,0,40,1,-1
2360,2361,1,-4,-1,-1
2361,2361.1,1,382,-1,-1
2361.1,2362,0,21,-1,1
2362,2363,0,95,1,-1
2363,2364,1,30,-1,-1
2364,2364.1,0,196,-1,1
2364.1,2365,0,224,1,-1
2365,2365.1,1,84,-1,-1
2365.1,2365.2,1,122,-1,-1
2365.2,2366,0,208,-1,1
2366,2367,1,9,1,1
2367,2367.1,0,-54,1,-1
2367.1,2368,1,92,-1,-1
2368,2369,1,16,-1,-1
2369,2370,1,36,-1,-1
2370,2370.1,1,30,-1,-1
2370.1,2370.2,1,-4,-1,-1
2370.2,2370.3,0,53,-1,1
2370.3,2371,1,-56,1,1
2371,2372,1,5,1,1
2372,2373,1,104,1,1
2373,2374,1,77,1,1
2374,2375,0,-19,1,-1
2375,2376,1,198,-1,-1
2376,2377,1,10,-1,-1
2377,2378,1,-4,-1,-1
2378,2379,0,33,-1,1
2379,2380,1,-14,1,1
2380,2381,1,-4,1,1
2381,2382,0,48,1,-1
2382,2383,1,-4,-1,-1
2383,2384.1,1,15,-1,-1
2384.1,2385,1,-4,-1,-1
2385,2386,0,64,-1,1
2386,2387,0,228,1,-1
2387,2388,1,-4,-1,-1
2388,2389,0,40,-1,1
2389,2390,1,146,1,1
2390,2391,0,34,1,-1
2391,2392,1,233,-1,-1
2392,2393,0,-127,-1,1
2393,2394,1,424,1,1
2394,2395,0,-47,1,-1
2395,2396,0,26,-1,1
2396,2397,1,277,1,1
2397,2398,1,3,1,1
2398,2399,1,415,1,1
2399,2400,0,63,1,-1
2400,2401,1,119,-1,-1
2401,2401.1,1,4,-1,-1
2401.1,2401.2,0,94,-1,1
2401.2,2402,1,36,1,1
2402,2404,0,85,1,-1
2404,2405,1,114,-1,-1
2405,2406,0,403,-1,1
2406,2407,1,219,1,1
2407,2408,0,3,1,-1
2408,2409,1,4,-1,-1
2409,2410,0,68,-1,1
2410,2411,0,84,1,-1
2411,2412,1,50,-1,-1
2412,2413,1,134,-1,-1
2413,2414,1,191,-1,-1
2414,2415,1,82,-1,-1
2415,2416,1,217,-1,-1
2416,2417,0,180,-1,1
2417,2418,1,171,1,1
2418,2419,0,130,1,-1
2419,2420,1,201,-1,-1
2420,2421,1,8,-1,-1
2421,2422,1,88,-1,-1
2422,2423,1,336,-1,-1
2423,2423.1,1,149,-1,-1
2423.1,2424,0,22,-1,1
2424,2425,0,86,1,-1
2425,2426,1,137,-1,-1
2426,2427,0,181,-1,1
2427,2428,1,-4,1,1
2428,2429,0,107,1,-1
2429,2430,1,-1,-1,-1
2430,2431,1,-8,-1,-1
2431,2432,0,61,-1,1
2432,2433,0,-4,1,-1
2433,2434,1,73,-1,-1
2434,2435,1,31,-1,-1
2435,2436,1,83,-1,-1
2436,2437,1,18,-1,-1
2437,2438,1,135,-1,-1
2438,2439,1,21,-1,-1
2439,2440,0,92,-1,1
2440,2441,0,98,1,-1
2441,2442,1,13,-1,-1
2442,2443,1,74,-1,-1
2443,2444,0,171,-1,1
2444,2445,0,26,1,-1
2445,2445.1,1,99,-1,-1
2445.1,2446,1,-23,-1,-1
2446,2447,1,-4,-1,-1
2447,2448,1,-19,-1,-1
2448,2449,1,-176,-1,-1
2449,2450,1,-16,-1,-1
2450,2451,1,-17,-1,-1
2451,2452,0,98,-1,1
2452,2453,1,32,1,1
2453,2454,0,3,1,-1
2454,2455,0,452,-1,1
2455,2456,1,58,1,1
2456,2457,0,-4,1,-1
2457,2458,1,60,-1,-1
2458,2459,1,-4,-1,-1
2459,2460,0,220,-1,1
2460,2461,1,114,1,1
2461,2462,1,-4,1,1
2462,2463,1,-4,1,1
2463,2464,1,36,1,1
2464,2465,1,130,1,1
2465,2466,1,148,1,1
2466,2467,1,111,1,1
2467,2467.1,1,20,1,1
2467.1,2468,0,24,1,-1
2468,2469,1,10,-1,-1
2469,2470,1,-4,-1,-1
2470,2471,1,-4,-1,-1
2471,2472,0,-62,-1,1
2472,2473,0,-16,1,-1
2473,2474,0,292,-1,1
2474,2475,0,77,1,-1
2475,2476,1,-4,-1,-1
2476,2477,0,138,-1,1
2477,2478,0,170,1,-1
2478,2479,0,62,-1,1
2479,2480,0,-33,1,-1
2480,2481,0,-27,-1,1
2481,2482,0,-243,1,-1
2482,2483,1,-1,-1,-1
2483,2484,1,-1,-1,-1
2484,2485,0,109,-1,1
2485,2486,0,15,1,-1
2486,2487,1,12,-1,-1
2487,2488,1,5,-1,-1
2488,2488.1,1,-59,-1,-1
2488.1,2489,1,41,-1,-1
2489,2490,1,184,-1,-1
2490,2491,1,80,-1,-1
2491,2492,1,-11,-1,-1
2492,2493,1,-4,-1,-1
2493,2494,1,-4,-1,-1
2494,2495,0,274,-1,1
2495,2496,1,241,1,1
2496,2497,0,132,1,-1
2497,2498,1,88,-1,-1
2498,2499,1,-1,-1,-1
2499,2500,1,46,-1,-1
2500,2501,1,82,-1,-1
2501,2502,1,60,-1,-1
2502,2503,0,132,-1,1
2503,2504,1,25,1,1
2504,2505,0,-4,1,-1
2505,2506,1,-41,-1,-1
2506,2507,1,577,-1,-1
2507,2508,1,-20,-1,-1
2508,2509,1,-4,-1,-1
2509,2510,1,34,-1,-1
2510,2511,0,317,-1,1
2511,2512,1,213,1,1
2512,2513,0,-4,1,-1
2513,2514,0,-21,-1,1
2514,2515,0,0,1,-1
2515,2516,1,-1,-1,-1
2516,2517,1,70,-1,-1
2517,2518,1,14,-1,-1
2518,2518.1,1,166,-1,-1
2518.1,2519,0,-50,-1,1
2519,2520,0,-62,1,-1
2520,2520.1,0,127,-1,1
2520.1,2521,0,742,1,-1
2521,2522,1,42,-1,-1
2522,2523,1,-4,-1,-1
2523,2524,1,-4,-1,-1
2524,2525,1,87,-1,-1
2525,2526,1,41,-1,-1
2526,2527,0,33,-1,1
2527,2527.1,0,187,1,-1
2527.1,2528,1,23,-1,-1
2528,2529,1,84,-1,-1
2529,2530,1,-4,-1,-1
2530,2531,1,216,-1,-1
2531,2532,1,15,-1,-1
2532,2533,0,290,-1,1
2533,2534,1,121,1,1
2534,2535,0,150,1,-1
2535,2536,1,-4,-1,-1
2536,2537,1,116,-1,-1
2537,2538,0,363,-1,1
2538,2539,0,19,1,-1
2539,2540,1,5,-1,-1
2540,2541,0,8,-1,1
2541,2542,1,-52,1,1
2542,2543,0,72,1,-1
2543,2544,1,-50,-1,-1
2544,2545,1,26,-1,-1
2545,2546,0,124,-1,1
2546,2547,1,-1,1,1
2547,2547.1,1,73,1,1
2547.1,2547.2,0,-59,1,-1
2547.2,2548,0,-50,-1,1
2548,2549,0,31,1,-1
2549,2550,1,5,-1,-1
2550,2551,1,-4,-1,-1
2551,2552,1,103,-1,-1
2552,2553,1,80,-1,-1
2553,2554,0,-33,-1,1
2554,2554.1,1,154,1,1
2554.1,2554.2,1,77,1,1
2554.2,2555,0,-4,1,-1
2555,2556,1,-4,-1,-1
2556,2557,1,-4,-1,-1
2557,2558,1,55,-1,-1
2558,2559,1,2,-1,-1
2559,2560,0,361,-1,1
2560,2561,0,180,1,-1
2561,2563,1,81,-1,-1
2563,2563.1,1,37,-1,-1
2563.1,2564,1,45,-1,-1
2564,2565,1,71,-1,-1
2565,2566,0,135,-1,1
2566,2567,1,-11,1,1
2567,2568,1,52,1,1
2568,2569,1,5,1,1
2569,2570,0,22,1,-1
2570,2571,1,-4,-1,-1
2571,2572,1,10,-1,-1
2572,2573,1,258,-1,-1
2573,2574,1,-4,-1,-1
2574,2575,1,-4,-1,-1
2575,2576,1,4,-1,-1
2576,2577,1,4,-1,-1
2577,2578,1,-4,-1,-1
2578,2579,1,-4,-1,-1
2579,2580,1,82,-1,-1
2580,2581,0,67,-1,1
2581,2582,1,72,1,1
2582,2583,0,-4,1,-1
2583,2584,0,75,-1,1
2584,2585,0,3,1,-1
2585,2586,0,67,-1,1
2586,2586.1,1,46,1,1
2586.1,2587,0,303,1,-1
2587,2588,0,87,-1,1
2588,2589,1,21,1,1
2589,2589.1,1,7,1,1
2589.1,2590,0,40,1,-1
2590,2591,1,5,-1,-1
2591,2593,1,118,-1,-1
2593,2593.1,1,-4,-1,-1
2593.1,2593.2,1,-101,-1,-1
2593.2,2594,1,166,-1,-1
2594,2595,0,422,-1,1
2595,2596,0,124,1,-1
2596,2597,0,68,-1,1
2597,2598,0,-29,1,-1
2598,2599,1,-4,-1,-1
2599,2600,1,192,-1,-1
2600,2600.1,0,243,-1,1
2600.1,2601,0,30,1,-1
2601,2601.1,0,0,-1,1
2601.1,2601.2,1,179,1,1
2601.2,2602,1,-4,1,1
2602,2603,0,34,1,-1
2603,2604,0,203,-1,1
2604,2605,0,0,1,-1
2605,2606,1,-4,-1,-1
2606,2607,1,30,-1,-1
2607,2608,1,71,-1,-1
2608,2609,1,2,-1,-1
2609,2610,1,9,-1,-1
2610,2611,0,27,-1,1
2611,2612,0,3,1,-1
2612,2613,1,-4,-1,-1
2613,2614,1,-4,-1,-1
2614,2615,1,3,-1,-1
2615,2615.1,0,14,-1,1
2615.1,2616,1,-4,1,1
2616,2617,0,-89,1,-1
2617,2618,0,-13,-1,1
2618,2619,1,-4,1,1
2619,2620,1,-4,1,1
2620,2621,1,-4,1,1
2621,2622,1,89,1,1
2622,2623,1,23,1,1
2623,2624,1,-4,1,1
2624,2625,0,15,1,-1
2625,2626,0,-48,-1,1
2626,2627,0,-19,1,-1
2627,2627.1,1,117,-1,-1
2627.1,2628,1,83,-1,-1
2628,2629,1,11,-1,-1
2629,2630,1,-4,-1,-1
2630,2631,1,-8,-1,-1
2631,2632,1,0,-1,-1
2632,2633,1,90,-1,-1
2633,2634,0,106,-1,1
2634,2635,1,84,1,1
2635,2636,0,29,1,-1
2636,2637,0,145,-1,1
2637,2637.1,0,-88,1,-1
2637.1,2638,0,219,-1,1
2638,2639,1,142,1,1
2639,2640,1,2,1,1
2640,2641,1,276,1,1
2641,2642,1,-38,1,1
2642,2643,1,-1,1,1
2643,2644,0,-4,1,-1
2644,2645,1,-8,-1,-1
2645,2646,0,103,-1,1
2646,2647,0,-9,1,-1
2647,2648,1,52,-1,-1
2648,2649,0,158,-1,1
2649,2650,1,22,1,1
2650,2651,1,29,1,1
2651,2652,0,5,1,-1
2652,2653,0,-25,-1,1
2653,2654,1,105,1,1
2654,2655,0,1,1,-1
2655,2656,0,107,-1,1
2656,2657,0,279,1,-1
2657,2658,1,-4,-1,-1
2658,2659,0,-16,-1,1
2659,2660,0,85,1,-1
2660,2661,1,21,-1,-1
2661,2662,1,103,-1,-1
2662,2663,1,5,-1,-1
2663,2664,1,3,-1,-1
2664,2665,1,166,-1,-1
2665,2666,0,166,-1,1
2666,2667,1,161,1,1
2667,2668,0,127,1,-1
2668,2668.1,0,7,-1,1
2668.1,2669,0,16,1,-1
2669,2670,1,-4,-1,-1
2670,2671,1,-4,-1,-1
2671,2672,0,371,-1,1
2672,2673,1,216,1,1
2673,2673.1,1,40,1,1
2673.1,2674,1,-4,1,1
2674,2674.1,1,24,1,1
2674.1,2675,1,-4,1,1
2675,2676,1,110,1,1
2676,2677,1,-14,1,1
2677,2678,0,20,1,-1
2678,2679,1,132,-1,-1
2679,2680,1,7,-1,-1
2680,2681,1,28,-1,-1
2681,2682,0,106,-1,1
2682,2683,1,173,1,1
2683,2684,0,21,1,-1
2684,2685,1,-1,-1,-1
2685,2686,1,10,-1,-1
2686,2687,1,-4,-1,-1
2687,2688,1,-4,-1,-1
2688,2689,1,-8,-1,-1
2689,2689.1,0,108,-1,1
2689.1,2690,0,-4,1,-1
2690,2691.1,0,299,-1,1
2691.1,2692,0,16,1,-1
2692,2693,0,146,-1,1
2693,2694,1,-46,1,1
2694,2695,0,-15,1,-1
2695,2696,1,-4,-1,-1
2696,2697,0,77,-1,1
2697,2698,1,135,1,1
2698,2699,0,2,1,-1
2699,2700,1,14,-1,-1
2700,2701,1,58,-1,-1
2701,2702,1,513,-1,-1
2702,2703,0,309,-1,1
2703,2704,1,346,1,1
2704,2705,1,1,1,1
2705,2707,1,139,1,1
2707,2708,0,38,1,-1
2708,2709,1,144,-1,-1
2709,2710,1,26,-1,-1
2710,2712,1,0,-1,-1
2712,2713,0,-2,-1,1
2713,2714,1,0,1,1
2714,2715,1,195,1,1
2715,2716,1,162,1,1
2716,2717,0,174,1,-1
2717,2718,1,119,-1,-1
2718,2719,0,101,-1,1
2719,2720,1,512,1,1
2720,2721,1,3,1,1
2721,2722,1,114,1,1
2722,2723,1,1044,1,1
2723,2724,1,-4,1,1
2724,2725,1,109,1,1
2725,2726,0,-34,1,-1
2726,2727,1,161,-1,-1
2727,2728,1,7,-1,-1
2728,2729,1,152,-1,-1
2729,2730,1,166,-1,-1
2730,2731,1,79,-1,-1
2731,2732,1,-4,-1,-1
2732,2733,1,1,-1,-1
2733,2734,1,-4,-1,-1
2734,2734.1,1,16,-1,-1
2734.1,2735,1,-4,-1,-1
2735,2736,1,111,-1,-1
2736,2736.1,0,140,-1,1
2736.1,2737,1,363,1,1
2737,2738,1,10,1,1
2738,2739,1,347,1,1
2739,2740,1,27,1,1
2740,2741,1,21,1,1
2741,2742,1,-26,1,1
2742,2743,1,28,1,1
2743,2744,0,-23,1,-1
2744,2745,0,55,-1,1
2745,2746,1,96,1,1
2746,2747,1,22,1,1
2747,2748,1,168,1,1
2748,2749,0,67,1,-1
2749,2750,1,-4,-1,-1
2750,2751,1,5,-1,-1
2751,2752,1,-4,-1,-1
2752,2753,0,7,-1,1
2753,2754,1,357,1,1
2754,2755,1,1,1,1
2755,2756,0,-4,1,-1
2756,2757,0,143,-1,1
2757,2758,1,4,1,1
2758,2759,1,79,1,1
2759,2760,0,10,1,-1
2760,2761,1,-4,-1,-1
2761,2762,1,-4,-1,-1
2762,2763,1,145,-1,-1
2763,2764,1,86,-1,-1
2764,2765,0,134,-1,1
2765,2766,1,-4,1,1
2766,2767,0,10,1,-1
2767,2768,1,30,-1,-1
2768,2769,0,43,-1,1
2769,2770,0,205,1,-1
2770,2771,1,74,-1,-1
2771,2772,0,25,-1,1
2772,2773,0,4,1,-1
2773,2774,0,237,-1,1
2774,2775,0,9,1,-1
2775,2776,0,161,-1,1
2776,2777,1,179,1,1
2777,2777.1,1,36,1,1
2777.1,2778,0,-73,1,-1
2778,2779,0,125,-1,1
2779,2780,1,61,1,1
2780,2781,0,0,1,-1
2781,2782,0,42,-1,1
2782,2783,1,175,1,1
2783,2784,1,126,1,1
2784,2785,0,12,1,-1
2785,2786,0,112,-1,1
2786,2787,1,217,1,1
2787,2788,1,58,1,1
2788,2789,1,48,1,1
2789,2790,0,8,1,-1
2790,2791,1,51,-1,-1
2791,2792,1,162,-1,-1
2792,2793,0,307,-1,1
2793,2794,0,21,1,-1
2794,2794.1,0,-21,-1,1
2794.1,2795,1,25,1,1
2795,2796,0,28,1,-1
2796,2797,1,-50,-1,-1
2797,2798,1,16,-1,-1
2798,2799,1,24,-1,-1
2799,2800,1,-4,-1,-1
2800,2801,1,108,-1,-1
2801,2801.1,0,66,-1,1
2801.1,2802,1,7,1,1
2802,2802.1,0,-4,1,-1
2802.1,2803,1,69,-1,-1
2803,2803.1,0,100,-1,1
2803.1,2803.2,1,97,1,1
2803.2,2804,0,-116,1,-1
2804,2805,1,9,-1,-1
2805,2806,1,-47,-1,-1
2806,2807,1,95,-1,-1
2807,2808,1,-68,-1,-1
2808,2808.1,1,10,-1,-1
2808.1,2810,0,303,-1,1
2810,2812,1,58,1,1
2812,2813,0,23,1,-1
2813,2814,1,44,-1,-1
2814,2815,1,18,-1,-1
2815,2816,1,129,-1,-1
2816,2817,1,70,-1,-1
2817,2818,0,60,-1,1
2818,2819,0,68,1,-1
2819,2820,0,54,-1,1
2820,2821,1,3,1,1
2821,2822,0,-14,1,-1
2822,2823,1,30,-1,-1
2823,2824,1,68,-1,-1
2824,2825,1,243,-1,-1
2825,2826,1,-4,-1,-1
2826,2827,1,86,-1,-1
2827,2828,1,-4,-1,-1
2828,2829,1,25,-1,-1
2829,2830,1,-4,-1,-1
2830,2831,1,9,-1,-1
2831,2832,1,-4,-1,-1
2832,2833,1,73,-1,-1
2833,2834,1,70,-1,-1
2834,2835,0,155,-1,1
2835,2836,0,214,1,-1
2836,2837,1,232,-1,-1
2837,2838,1,0,-1,-1
2838,2839,1,-125,-1,-1
2839,2840,1,323,-1,-1
2840,2841,1,63,-1,-1
2841,2842,1,85,-1,-1
2842,2843,1,11,-1,-1
2843,2844,1,10,-1,-1
2844,2845,0,47,-1,1
2845,2846,0,3,1,-1
2846,2847,1,19,-1,-1
2847,2848,1,46,-1,-1
2848,2849,1,31,-1,-1
2849,2850,0,59,-1,1
2850,2851,0,14,1,-1
2851,2852,1,60,-1,-1
2852,2853,1,-23,-1,-1
2853,2854,1,353,-1,-1
2854,2855,1,12,-1,-1
2855,2856,1,155,-1,-1
2856,2857,0,201,-1,1
2857,2858,1,84,1,1
2858,2859,0,60,1,-1
2859,2860,1,25,-1,-1
2860,2861,1,32,-1,-1
2861,2862,1,-1,-1,-1
2862,2862.1,1,201,-1,-1
2862.1,2863,1,-4,-1,-1
2863,2864,1,-4,-1,-1
2864,2865,1,144,-1,-1
2865,2866,1,-4,-1,-1
2866,2867,1,3,-1,-1
2867,2867.1,0,109,-1,1
2867.1,2868,1,18,1,1
2868,2869,0,101,1,-1
2869,2870,1,259,-1,-1
2870,2871,0,-32,-1,1
2871,2872,0,175,1,-1
2872,2873,0,173,-1,1
2873,2874,1,198,1,1
2874,2875,1,221,1,1
2875,2876,1,104,1,1
2876,2877,0,21,1,-1
2877,2878,0,301,-1,1
2878,2879,1,70,1,1
2879,2880,1,-4,1,1
2880,2880.1,0,268,1,-1
2880.1,2880.2,1,49,-1,-1
2880.2,2880.3,1,55,-1,-1
2880.3,2881,1,-134,-1,-1
2881,2882,1,50,-1,-1
2882,2882.1,1,151,-1,-1
2882.1,2882.2,1,142,-1,-1
2882.2,2883,1,197,-1,-1
2883,2884,1,0,-1,-1
2884,2885,1,12,-1,-1
2885,2886,1,-49,-1,-1
2886,2887,1,-4,-1,-1
2887,2888,1,-20,-1,-1
2888,2889,1,9,-1,-1
2889,2890,1,-4,-1,-1
2890,2891,1,-19,-1,-1
2891,2892,1,177,-1,-1
2892,2893,1,76,-1,-1
2893,2894,1,-4,-1,-1
2894,2895,1,59,-1,-1
2895,2895.1,1,68,-1,-1
2895.1,2896,1,-4,-1,-1
2896,2897,0,194,-1,1
2897,2898,0,78,1,-1
2898,2899,1,-8,-1,-1
2899,2900,1,258,-1,-1
2900,2901,1,-4,-1,-1
2901,2902,1,86,-1,-1
2902,2903,1,15,-1,-1
2903,2904,1,34,-1,-1
2904,2905,1,-1,-1,-1
2905,2906,1,85,-1,-1
2906,2907,1,126,-1,-1
2907,2908,1,8,-1,-1
2908,2909,0,194,-1,1
2909,2910,1,-4,1,1
2910,2911,0,0,1,-1
2911,2912,1,100,-1,-1
2912,2913,1,22,-1,-1
2913,2914,1,276,-1,-1
2914,2915,1,-1,-1,-1
2915,2916,1,20,-1,-1
2916,2917,1,51,-1,-1
2917,2918,1,58,-1,-1
2918,2919,0,62,-1,1
2919,2921,1,36,1,1
2921,2922,1,12,1,1
2922,2923,1,99,1,1
2923,2924,0,16,1,-1
2924,2925,1,233,-1,-1
2925,2926,1,-4,-1,-1
2926,2927,1,-4,-1,-1
2927,2928,1,52,-1,-1
2928,2929,1,159,-1,-1
2929,2930,1,41,-1,-1
2930,2931,0,157,-1,1
2931,2932,1,-4,1,1
2932,2933,0,81,1,-1
2933,2934,1,184,-1,-1
2934,2935,1,252,-1,-1
2935,2936,1,55,-1,-1
2936,2937,1,16,-1,-1
2937,2938,1,7,-1,-1
2938,2939,0,411,-1,1
2939,2940,1,79,1,1
2940,2941,1,95,1,1
2941,2942,1,-8,1,1
2942,2943,1,95,1,1
2943,2944,0,-18,1,-1
2944,2945,1,21,-1,-1
2945,2946,1,4,-1,-1
2946,2947,1,173,-1,-1
2947,2948,1,22,-1,-1
2948,2949,1,-107,-1,-1
2949,2950,1,-8,-1,-1
2950,2951,1,65,-1,-1
2951,2952,0,198,-1,1
2952,2953,0,14,1,-1
2953,2954,1,-4,-1,-1
2954,2955,0,-2,-1,1
2955,2956,0,13,1,-1
2956,2957,1,6,-1,-1
2957,2958,1,11,-1,-1
2958,2958.1,1,173,-1,-1
2958.1,2959,1,17,-1,-1
2959,2960,1,13,-1,-1
2960,2961,0,242,-1,1
2961,2962,0,-4,1,-1
2962,2963,1,39,-1,-1
2963,2964,1,-82,-1,-1
2964,2965,1,-4,-1,-1
2965,2966,1,-1,-1,-1
2966,2967,1,208,-1,-1
2967,2968,1,-1,-1,-1
2968,2969,1,57,-1,-1
2969,2970,1,53,-1,-1
2970,2971,1,13,-1,-1
2971,2972,1,57,-1,-1
2972,2973,0,374,-1,1
2973,2974,0,92,1,-1
2974,2975,1,3,-1,-1
2975,2976,1,13,-1,-1
2976,2977,1,7,-1,-1
2977,2978,1,183,-1,-1
2978,2979,0,68,-1,1
2979,2980,0,59,1,-1
2980,2981,1,1,-1,-1
2981,2982,1,68,-1,-1
2982,2983,0,159,-1,1
2983,2984,0,-87,1,-1
2984,2985,0,148,-1,1
2985,2986,0,10,1,-1
2986,2987,1,57,-1,-1
2987,2988,1,-4,-1,-1
2988,2988.1,1,6,-1,-1
2988.1,2989,1,431,-1,-1
2989,2990,1,49,-1,-1
2990,2991,1,11,-1,-1
2991,2992,1,-14,-1,-1
2992,2993,0,-9,-1,1
2993,2994,0,-37,1,-1
2994,2995,1,358,-1,-1
2995,2996,1,-4,-1,-1
2996,2997,1,86,-1,-1
2997,2998,0,226,-1,1
2998,2998.1,1,-14,1,1
2998.1,2999,1,415,1,1
2999,3000,1,-4,1,1
3000,3002,1,-4,1,1
3002,3003,1,-4,1,1
3003,3004,1,-4,1,1
3004,3005,1,5,1,1
3005,3006,1,10,1,1
3006,3007,1,-4,1,1
3007,3008,1,-4,1,1
3008,3009,1,46,1,1
3009,3010,0,162,1,-1
3010,3011,0,619,-1,1
3011,3012,1,-8,1,1
3012,3013,0,-47,1,-1
3013,3014,1,24,-1,-1
3014,3015,0,267,-1,1
3015,3016,1,84,1,1
3016,3017,0,117,1,-1
3017,3018,1,177,-1,-1
3018,3021.1,1,-16,-1,-1
3021.1,3021,1,-4,-1,-1
3021,3022,1,16,-1,-1
3022,3023,1,-14,-1,-1
3023,3024,0,270,-1,1
3024,3025,0,170,1,-1
3025,3026,0,192,-1,1
3026,3027,1,25,1,1
3027,3028,0,130,1,-1
3028,3029,1,313,-1,-1
3029,3030,0,113,-1,1
3030,3031,1,127,1,1
3031,3032,0,-26,1,-1
3032,3033,1,32,-1,-1
3033,3034,1,62,-1,-1
3034,3035,1,100,-1,-1
3035,3036,1,114,-1,-1
3036,3037,1,12,-1,-1
3037,3038,1,43,-1,-1
3038,3039,0,113,-1,1
3039,3041,1,72,1,1
3041,3041.1,1,5,1,1
3041.1,3042,1,58,1,1
3042,3043,0,43,1,-1
3043,3044,1,85,-1,-1
3044,3045,1,195,-1,-1
3045,3046,1,24,-1,-1
3046,3047,1,5,-1,-1
3047,3048,1,78,-1,-1
3048,3049,0,598,-1,1
3049,3050,0,73,1,-1
3050,3051,1,-4,-1,-1
3051,3052,1,2,-1,-1
3052,3052.1,1,-4,-1,-1
3052.1,3052.2,0,217,-1,1
3052.2,3053,0,22,1,-1
3053,3055,1,32,-1,-1
3055,3056,1,-4,-1,-1
3056,3057,1,-1,-1,-1
3057,3058,0,111,-1,1
3058,3058.1,1,-1,1,1
3058.1,3058.2,1,0,1,1
3058.2,3059,0,-4,1,-1
3059,3060,1,77,-1,-1
3060,3061,0,118,-1,1
3061,3062,1,94,1,1
3062,3063,1,82,1,1
3063,3064,0,57,1,-1
3064,3065,1,212,-1,-1
3065,3066,1,24,-1,-1
3066,3067,0,-31,-1,1
3067,3068,0,10,1,-1
3068,3069,0,262,-1,1
3069,3070,0,331,1,-1
3070,3071,1,-4,-1,-1
3071,3072,0,274,-1,1
3072,3073,0,-149,1,-1
3073,3074,1,14,-1,-1
3074,3075,0,29,-1,1
3075,3076,1,173,1,1
3076,3077,1,-25,1,1
3077,3078,1,23,1,1
3078,3080,1,44,1,1
3080,3080.1,0,48,1,-1
3080.1,3081,1,46,-1,-1
3081,3082,1,25,-1,-1
3082,3083,1,-1,-1,-1
3083,3084,1,132,-1,-1
3084,3085,1,-62,-1,-1
3085,3086,0,176,-1,1
3086,3087,0,5,1,-1
3087,3088,0,97,-1,1
3088,3089,0,-4,1,-1
3089,3090,1,29,-1,-1
3090,3091,1,95,-1,-1
3091,3092,1,-4,-1,-1
3092,3093,0,18,-1,1
3093,3094,0,73,1,-1
3094,3095,1,66,-1,-1
3095,3096,0,93,-1,1
3096,3097,0,103,1,-1
3097,3098,1,83,-1,-1
3098,3099,0,35,-1,1
3099,3100,1,50,1,1
3100,3101,0,26,1,-1
3101,3102,1,-4,-1,-1
3102,3103,1,162,-1,-1
3103,3104,1,39,-1,-1
3104,3105,1,34,-1,-1
3105,3106,1,31,-1,-1
3106,3106.1,1,-4,-1,-1
3106.1,3107,1,282,-1,-1
3107,3108,1,162,-1,-1
3108,3109,1,-4,-1,-1
3109,3110,1,96,-1,-1
3110,3111,1,-4,-1,-1
3111,3112,1,155,-1,-1
3112,3113,1,38,-1,-1
3113,3114,0,230,-1,1
3114,3115,1,-4,1,1
3115,3116,1,31,1,1
3116,3117,1,33,1,1
3117,3118,1,178,1,1
3118,3119,0,90,1,-1
3119,3120,0,571,-1,1
3120,3121,0,-4,1,-1
3121,3122,1,72,-1,-1
3122,3123,1,134,-1,-1
3123,3124,1,10,-1,-1
3124,3125,1,8,-1,-1
3125,3126,1,-4,-1,-1
3126,3127,1,14,-1,-1
3127,3128,1,37,-1,-1
3128,3129,0,310,-1,1
3129,3130,1,69,1,1
3130,3131,0,-12,1,-1
3131,3131.1,0,-27,-1,1
3131.1,3132,0,201,1,-1
3132,3133,1,97,-1,-1
3133,3134,1,130,-1,-1
3134,3135,1,-4,-1,-1
3135,3136,1,-4,-1,-1
3136,3137,1,127,-1,-1
3137,3138,1,-31,-1,-1
3138,3139,1,34,-1,-1
3139,3139.1,1,-23,-1,-1
3139.1,3140,1,80,-1,-1
3140,3141,0,-155,-1,1
3141,3142,1,9,1,1
3142,3143,0,53,1,-1
3143,3144,1,63,-1,-1
3144,3145,0,52,-1,1
3145,3145.1,0,-58,1,-1
3145.1,3146,1,699,-1,-1
3146,3147,1,56,-1,-1
3147,3148,0,156,-1,1
3148,3149,1,135,1,1
3149,3149.1,1,48,1,1
3149.1,3150,0,74,1,-1
3150,3150.1,0,136,-1,1
3150.1,3151,1,-4,1,1
3151,3152,1,112,1,1
3152,3153,0,140,1,-1
3153,3153.1,0,69,-1,1
3153.1,3154,1,-4,1,1
3154,3155,1,-19,1,1
3155,3156,0,41,1,-1
3156,3157,1,84,-1,-1
3157,3158,1,15,-1,-1
3158,3159,0,93,-1,1
3159,3160,0,-4,1,-1
3160,3161,0,98,-1,1
3161,3162,1,-8,1,1
3162,3163,1,0,1,1
3163,3164,0,15,1,-1
3164,3165,1,58,-1,-1
3165,3166,0,-21,-1,1
3166,3167,0,125,1,-1
3167,3168,0,41,-1,1
3168,3169,1,5,1,1
3169,3170,1,-4,1,1
3170,3171,1,30,1,1
3171,3172,1,34,1,1
3172,3173,1,-4,1,1
3173,3174,1,-4,1,1
3174,3174.1,0,86,1,-1
3174.1,3174.2,1,302,-1,-1
3174.2,3175,0,139,-1,1
3175,3176,1,17,1,1
3176,3176.1,0,6,1,-1
3176.1,3177,1,25,-1,-1
3177,3178,1,-4,-1,-1
3178,3179,0,24,-1,1
3179,3180,1,97,1,1
3180,3181,0,91,1,-1
3181,3182,1,118,-1,-1
3182,3183,1,459,-1,-1
3183,3184,1,36,-1,-1
3184,3185,1,2,-1,-1
3185,3186,1,0,-1,-1
3186,3186.1,1,43,-1,-1
3186.1,3187,1,-38,-1,-1
3187,3188,1,-11,-1,-1
3188,3189,0,124,-1,1
3189,3190,0,0,1,-1
3190,3191,0,29,-1,1
3191,3192,1,121,1,1
3192,3193,1,17,1,1
3193,3194,1,-4,1,1
3194,3194.1,1,16,1,1
3194.1,3195,1,122,1,1
3195,3196,1,-17,1,1
3196,3197,1,98,1,1
3197,3198,1,77,1,1
3198,3199,1,28,1,1
3199,3200,1,1,1,1
3200,3201,1,20,1,1
3201,3202,1,-4,1,1
3202,3203,1,334,1,1
3203,3204,0,81,1,-1
3204,3205,0,62,-1,1
3205,3206,1,24,1,1
3206,3207,1,105,1,1
3207,3208,1,130,1,1
3208,3209,0,100,1,-1
3209,3210,1,50,-1,-1
3210,3211,1,-59,-1,-1
3211,3212,0,12,-1,1
3212,3214,0,-14,1,-1
3214,3215,0,217,-1,1
3215,3216,0,-18,1,-1
3216,3217,0,148,-1,1
3217,3218,0,-21,1,-1
3218,3219,1,-4,-1,-1
3219,3220,1,27,-1,-1
3220,3220.1,1,158,-1,-1
3220.1,3220.2,0,-9,-1,1
3220.2,3221,1,61,1,1
3221,3222,0,8,1,-1
3222,3223,0,23,-1,1
3223,3224,1,-4,1,1
3224,3225,1,19,1,1
3225,3226,1,79,1,1
3226,3227,1,20,1,1
3227,3228,1,99,1,1
3228,3229,0,51,1,-1
3229,3230,0,8,-1,1
3230,3231,0,32,1,-1
3231,3233,0,364,-1,1
3233,3234,1,8,1,1
3234,3235,1,74,1,1
3235,3236,1,125,1,1
3236,3237,1,-4,1,1
3237,3238,1,-4,1,1
3238,3239,1,41,1,1
3239,3240,1,115,1,1
3240,3241,1,-8,1,1
3241,3242,1,-4,1,1
3242,3243,1,-4,1,1
3243,3244,1,10,1,1
3244,3245,1,-7,1,1
3245,3246,1,-4,1,1
3246,3247,0,5,1,-1
3247,3248,1,208,-1,-1
3248,3249,1,15,-1,-1
3249,3250,1,-26,-1,-1
3250,3251,1,69,-1,-1
3251,3252,1,-4,-1,-1
3252,3253,1,29,-1,-1
3253,3254,1,7,-1,-1
3254,3255,1,-4,-1,-1
3255,3256,1,73,-1,-1
3256,3257,0,-19,-1,1
3257,3258,1,-130,1,1
3258,3259,1,124,1,1
3259,3260,0,-6,1,-1
3260,3261,1,64,-1,-1
3261,3262,1,78,-1,-1
3262,3263,0,92,-1,1
3263,3264,1,20,1,1
3264,3265,0,-4,1,-1
3265,3266,0,41,-1,1
3266,3267,1,-26,1,1
3267,3268,0,79,1,-1
3268,3269,0,-20,-1,1
3269,3270,1,212,1,1
3270,3270.1,1,56,1,1
3270.1,3271,0,-124,1,-1
3271,3272,1,2,-1,-1
3272,3273,0,-33,-1,1
3273,3274,1,188,1,1
3274,3275,1,-4,1,1
3275,3275.1,0,256,1,-1
3275.1,3276,0,119,-1,1
3276,3277,1,-4,1,1
3277,3278,0,159,1,-1
3278,3279,0,167,-1,1
3279,3280,1,34,1,1
3280,3281,0,26,1,-1
3281,3282,1,324,-1,-1
3282,3283,0,706,-1,1
3283,3284,1,18,1,1
3284,3285,0,-17,1,-1
3285,3286,1,91,-1,-1
3286,3287,0,101,-1,1
3287,3288,1,5,1,1
3288,3289,0,8,1,-1
3289,3290,0,127,-1,1
3290,3290.1,0,33,1,-1
3290.1,3290.2,1,143,-1,-1
3290.2,3291,1,151,-1,-1
3291,3292,0,123,-1,1
3292,3293,0,12,1,-1
3293,3294,1,-161,-1,-1
3294,3295,1,61,-1,-1
3295,3296,1,-4,-1,-1
3296,3297,0,76,-1,1
3297,3298,1,30,1,1
3298,3299,1,2,1,1
3299,3300,0,6,1,-1
3300,3301,1,26,-1,-1
3301,3302,1,90,-1,-1
3302,3303,0,174,-1,1
3303,3304,0,-14,1,-1
3304,3305,0,300,-1,1
3305,3306,0,9,1,-1
3306,3307,0,258,-1,1
3307,3308,1,12,1,1
3308,3309,0,75,1,-1
3309,3310,0,78,-1,1
3310,3311,1,-4,1,1
3311,3312,1,147,1,1
3312,3313,1,-58,1,1
3313,3314,1,216,1,1
3314,3315,1,279,1,1
3315,3316,0,61,1,-1
3316,3317,1,16,-1,-1
3317,3318,1,260,-1,-1
3318,3319,1,-4,-1,-1
3319,3320,1,-4,-1,-1
3320,3321,0,95,-1,1
3321,3322,0,95,1,-1
3322,3323,1,-7,-1,-1
3323,3323.1,1,123,-1,-1
3323.1,3324,0,54,-1,1
3324,3325,1,-4,1,1
3325,3326,0,32,1,-1
3326,3327,1,77,-1,-1
3327,3328,1,109,-1,-1
3328,3329,1,-4,-1,-1
3329,3330,1,23,-1,-1
3330,3331,1,-10,-1,-1
3331,3332,0,110,-1,1
3332,3333,0,17,1,-1
3333,3334,1,4,-1,-1
3334,3335,1,60,-1,-1
3335,3337,1,66,-1,-1
3337,3338,1,18,-1,-1
3338,3339,1,78,-1,-1
3339,3340,1,300,-1,-1
3340,3341,1,-47,-1,-1
3341,3342,1,49,-1,-1
3342,3343,1,-13,-1,-1
3343,3344,1,49,-1,-1
3344,3345,1,48,-1,-1
3345,3346,1,96,-1,-1
3346,3347,1,104,-1,-1
3347,3348,1,-61,-1,-1
3348,3349,1,4,-1,-1
3349,3350,1,-4,-1,-1
3350,3351,1,108,-1,-1
3351,3352,0,54,-1,1
3352,3353,0,-23,1,-1
3353,3354,1,7,-1,-1
3354,3355,1,-4,-1,-1
3355,3356,1,101,-1,-1
3356,3357,0,14,-1,1
3357,3358,0,27,1,-1
3358,3359,0,299,-1,1
3359,3361,1,-4,1,1
3361,3362,1,100,1,1
3362,3363,1,60,1,1
3363,3364,0,59,1,-1
3364,3365,1,1,-1,-1
3365,3366,1,10,-1,-1
3366,3367,0,78,-1,1
3367,3368,1,38,1,1
3368,3369,1,-32,1,1
3369,3370,1,10,1,1
3370,3371,0,-4,1,-1
3371,3372,0,100,-1,1
3372,3373,1,4,1,1
3373,3374,0,-12,1,-1
3374,3375,1,24,-1,-1
3375,3376,1,-4,-1,-1
3376,3377,0,1,-1,1
3377,3377.1,0,-46,1,-1
3377.1,3378,0,164,-1,1
3378,3379,0,-30,1,-1
3379,3379.1,0,49,-1,1
3379.1,3380,1,22,1,1
3380,3381,1,-4,1,1
3381,3382,1,40,1,1
3382,3383,1,-4,1,1
3383,3384,1,107,1,1
3384,3385,0,9,1,-1
3385,3386,1,-4,-1,-1
3386,3387,1,197,-1,-1
3387,3388,1,34,-1,-1
3388,3389,1,33,-1,-1
3389,3390,1,50,-1,-1
3390,3391,0,30,-1,1
3391,3392,1,26,1,1
3392,3393,0,99,1,-1
3393,3394,0,70,-1,1
3394,3395,1,43,1,1
3395,3396,1,3,1,1
3396,3397,0,22,1,-1
3397,3398,1,26,-1,-1
3398,3399,1,-47,-1,-1
3399,3400,1,11,-1,-1
3400,3401,1,107,-1,-1
3401,3402,1,80,-1,-1
3402,3403,0,99,-1,1
3403,3404,0,18,1,-1
3404,3405,1,-4,-1,-1
3405,3406,0,64,-1,1
3406,3407,1,3,1,1
3407,3408,0,1,1,-1
3408,3409,0,104,-1,1
3409,3410,1,-13,1,1
3410,3411,0,20,1,-1
3411,3412,1,19,-1,-1
3412,3413,1,178,-1,-1
3413,3414,1,37,-1,-1
3414,3415,1,-1,-1,-1
3415,3416,1,-4,-1,-1
3416,3417,0,236,-1,1
3417,3418,1,-4,1,1
3418,3419,1,128,1,1
3419,3420,1,-1,1,1
3420,3421,0,78,1,-1
3421,3422,1,3,-1,-1
3422,3423,1,121,-1,-1
3423,3424,1,-4,-1,-1
3424,3425,1,0,-1,-1
3425,3426,1,-25,-1,-1
3426,3427,1,96,-1,-1
3427,3427.1,1,27,-1,-1
3427.1,3428,0,377,-1,1
3428,3429,0,94,1,-1
3429,3430,0,214,-1,1
3430,3431,0,-68,1,-1
3431,3432,0,65,-1,1
3432,3433,1,68,1,1
3433,3434,1,95,1,1
3434,3435,1,107,1,1
3435,3436,0,17,1,-1
3436,3437,1,64,-1,-1
3437,3437.1,0,24,-1,1
3437.1,3438,1,18,1,1
3438,3439,0,33,1,-1
3439,3440,1,20,-1,-1
3440,3441,0,170,-1,1
3441,3442,0,66,1,-1
3442,3443,0,282,-1,1
3443,3444,1,11,1,1
3444,3445,1,17,1,1
3445,3447,0,8,1,-1
3447,3448,1,48,-1,-1
3448,3449,1,157,-1,-1
3449,3449.1,1,-16,-1,-1
3449.1,3449.2,0,227,-1,1
3449.2,3450,0,-4,1,-1
3450,3453,1,229,-1,-1
3453,3454,1,37,-1,-1
3454,3455,0,51,-1,1
3455,3456,0,36,1,-1
3456,3456.1,1,-449,-1,-1
3456.1,3458,1,236,-1,-1
3458,3459,1,30,-1,-1
3459,3460,1,81,-1,-1
3460,3461,1,142,-1,-1
3461,3462,0,30,-1,1
3462,3463,0,13,1,-1
3463,3464,1,-4,-1,-1
3464,3465,0,135,-1,1
3465,3466,1,-4,1,1
3466,3467,1,41,1,1
3467,3468,1,116,1,1
3468,3469,0,-4,1,-1
3469,3470,1,6,-1,-1
3470,3471,1,-20,-1,-1
3471,3472,1,-23,-1,-1
3472,3474,1,-4,-1,-1
3474,3475,0,235,-1,1
3475,3476,1,255,1,1
3476,3477,0,0,1,-1
3477,3478,0,-2,-1,1
3478,3480,0,88,1,-1
3480,3481,0,134,-1,1
3481,3482,1,41,1,1
3482,3483,1,-4,1,1
3483,3484,1,78,1,1
3484,3485,1,4,1,1
3485,3486,1,107,1,1
3486,3487,0,38,1,-1
3487,3488,1,4,-1,-1
3488,3489,1,8,-1,-1
3489,3490,1,-4,-1,-1
3490,3491,1,-1,-1,-1
3491,3491.1,0,433,-1,1
3491.1,3492,0,179,1,-1
3492,3493,1,-4,-1,-1
3493,3494,0,148,-1,1
3494,3494.1,1,-11,1,1
3494.1,3495,1,57,1,1
3495,3496,0,70,1,-1
3496,3497,0,73,-1,1
3497,3498,1,45,1,1
3498,3499,0,0,1,-1
3499,3500,0,23,-1,1
3500,3501,0,54,1,-1
3501,3502,1,101,-1,-1
3502,3503,0,-2,-1,1
3503,3504,0,155,1,-1
3504,3505,1,11,-1,-1
3505,3506,1,28,-1,-1
3506,3507,0,22,-1,1
3507,3508,1,63,1,1
3508,3509,1,14,1,1
3509,3510,0,252,1,-1
3510,3510.1,1,230,-1,-1
3510.1,3511,1,44,-1,-1
3511,3512,1,16,-1,-1
3512,3513,1,117,-1,-1
3513,3514,0,61,-1,1
3514,3515,1,34,1,1
3515,3516,1,5,1,1
3516,3517,0,32,1,-1
3517,3518,1,55,-1,-1
3518,3519,1,19,-1,-1
3519,3520,1,107,-1,-1
3520,3521,0,-12,-1,1
3521,3522,0,9,1,-1
3522,3523,1,-8,-1,-1
3523,3524,1,-19,-1,-1
3524,3525,0,370,-1,1
3525,3526,0,71,1,-1
3526,3527,1,94,-1,-1
3527,3528,1,266,-1,-1
3528,3529,1,-4,-1,-1
3529,3530,1,-4,-1,-1
3530,3531,1,5,-1,-1
3531,3532,1,-4,-1,-1
3532,3532.1,0,-41,-1,1
3532.1,3532.2,0,103,1,-1
3532.2,3533,0,162,-1,1
3533,3534,0,-60,1,-1
3534,3535,1,38,-1,-1
3535,3536,1,24,-1,-1
3536,3537,1,161,-1,-1
3537,3538,1,232,-1,-1
3538,3539,1,37,-1,-1
3539,3540,1,1,-1,-1
3540,3541,1,10,-1,-1
3541,3542,1,137,-1,-1
3542,3542.1,0,21,-1,1
3542.1,3543,1,9,1,1
3543,3544,0,19,1,-1
3544,3545,1,2,-1,-1
3545,3546,1,47,-1,-1
3546,3547,1,124,-1,-1
3547,3548,1,-4,-1,-1
3548,3549,1,232,-1,-1
3549,3550,1,20,-1,-1
3550,3551,1,-38,-1,-1
3551,3553,1,-4,-1,-1
3553,3554,0,221,-1,1
3554,3555,1,-4,1,1
3555,3556,0,-36,1,-1
3556,3557,0,129,-1,1
3557,3559,1,31,1,1
3559,3560,1,57,1,1
3560,3561,1,-29,1,1
3561,3562,0,-39,1,-1
3562,3563,1,-56,-1,-1
3563,3564,1,31,-1,-1
3564,3565,1,151,-1,-1
3565,3566,1,8,-1,-1
3566,3567,1,3,-1,-1
3567,3567.1,1,215,-1,-1
3567.1,3568,1,32,-1,-1
3568,3569,0,253,-1,1
3569,3570,1,72,1,1
3570,3571,1,1,1,1
3571,3572,1,82,1,1
3572,3572.1,1,4,1,1
3572.1,3573,1,-326,1,1
3573,3573.01,1,-10,1,1
3573.01,3573.02,1,-4,1,1
3573.02,3573.03,1,-4,1,1
3573.03,3573.04,1,117,1,1
3573.04,3573.05,1,13,1,1
3573.05,3573.06,1,-4,1,1
3573.06,3573.07,1,80,1,1
3573.07,3573.08,1,173,1,1
3573.08,3573.09,1,7,1,1
3573.09,3573.10,1,7,1,1
3573.10,3573.11,1,-52,1,1
3573.11,3573.12,1,47,1,1
3573.12,3573.13,0,32,1,-1
3573.13,3573.14,1,205,-1,-1
3573.14,3573.15,1,196,-1,-1
3573.15,3573.16,1,27,-1,-1
3573.16,3574,1,18,-1,-1
3574,3575,1,3,-1,-1
3575,3576,1,66,-1,-1
3576,3577,1,35,-1,-1
3577,3578,0,-1,-1,1
3578,3579,0,79,1,-1
3579,3580,1,180,-1,-1
3580,3580.1,0,-2,-1,1
3580.1,3580.2,1,137,1,1
3580.2,3581,1,12,1,1
3581,3582,1,36,1,1
3582,3583,1,50,1,1
3583,3584,0,23,1,-1
3584,3585,1,66,-1,-1
3585,3586,1,141,-1,-1
3586,3587,1,43,-1,-1
3587,3588,0,262,-1,1
3588,3589,0,5,1,-1
3589,3590,0,226,-1,1
3590,3591,0,-48,1,-1
3591,3592,0,509,-1,1
3592,3593,1,81,1,1
3593,3594,1,65,1,1
3594,3595,1,150,1,1
3595,3596,0,-4,1,-1
3596,3597,1,-1,-1,-1
3597,3598,1,-1,-1,-1
3598,3599,1,10,-1,-1
3599,3600,1,-4,-1,-1
3600,3601,1,-1,-1,-1
3601,3602,1,-11,-1,-1
3602,3603,1,-1,-1,-1
3603,3604,1,19,-1,-1
3604,3605,1,34,-1,-1
3605,3606,1,217,-1,-1
3606,3607,1,24,-1,-1
3607,3608,0,214,-1,1
3608,3609,1,24,1,1
3609,3610,1,70,1,1
3610,3612,1,170,1,1
3612,3612.1,1,251,1,1
3612.1,3613,0,166,1,-1
3613,3614,1,-4,-1,-1
3614,3615.1,0,359,-1,1
3615.1,3615.2,0,128,1,-1
3615.2,3615.3,0,45,-1,1
3615.3,3615.4,0,345,1,-1
3615.4,3616,1,-4,-1,-1
3616,3617,0,73,-1,1
3617,3618,1,293,1,1
3618,3619,0,54,1,-1
3619,3620,0,-11,-1,1
3620,3621,0,30,1,-1
3621,3622,0,71,-1,1
3622,3622.1,1,15,1,1
3622.1,3623,1,16,1,1
3623,3624,1,41,1,1
3624,3625,0,13,1,-1
3625,3626,1,87,-1,-1
3626,3627,0,8,-1,1
3627,3628,1,113,1,1
3628,3629,0,182,1,-1
3629,3630,0,230,-1,1
3630,3631,1,4,1,1
3631,3632,0,61,1,-1
3632,3633,1,-1,-1,-1
3633,3634,1,-4,-1,-1
3634,3636,0,398,-1,1
3636,3637,0,141,1,-1
3637,3638,1,98,-1,-1
3638,3639,1,5,-1,-1
3639,3640,1,10,-1,-1
3640,3641,0,63,-1,1
3641,3642,1,1,1,1
3642,3643,1,136,1,1
3643,3644,0,0,1,-1
3644,3645,1,-1,-1,-1
3645,3646,1,-4,-1,-1
3646,3647,1,-4,-1,-1
3647,3648,1,-16,-1,-1
3648,3649,1,-19,-1,-1
3649,3650,0,111,-1,1
3650,3651,1,111,1,1
3651,3652,0,82,1,-1
3652,3653,1,-14,-1,-1
3653,3653.1,1,-4,-1,-1
3653.1,3654,0,-47,-1,1
3654,3655,1,-1,1,1
3655,3656,1,-4,1,1
3656,3657,1,82,1,1
3657,3658,1,35,1,1
3658,3659,0,87,1,-1
3659,3660,1,104,-1,-1
3660,3661,1,64,-1,-1
3661,3663,0,348,-1,1
3663,3664,0,-206,1,-1
3664,3665,1,-4,-1,-1
3665,3666,0,68,-1,1
3666,3667,1,0,1,1
3667,3668,1,2,1,1
3668,3669,1,-4,1,1
3669,3670,1,-4,1,1
3670,3671,0,-36,1,-1
3671,3671.1,1,-16,-1,-1
3671.1,3671.2,1,30,-1,-1
3671.2,3672,1,84,-1,-1
3672,3673,1,14,-1,-1
3673,3674,1,-4,-1,-1
3674,3675,1,14,-1,-1
3675,3676,0,146,-1,1
3676,3677,1,17,1,1
3677,3678,0,35,1,-1
3678,3679,0,139,-1,1
3679,3680,0,5,1,-1
3680,3681,0,54,-1,1
3681,3682,1,-83,1,1
3682,3684,1,13,1,1
3684,3685,0,41,1,-1
3685,3686,1,207,-1,-1
3686,3687,1,64,-1,-1
3687,3688,1,-4,-1,-1
3688,3689,1,16,-1,-1
3689,3690,0,117,-1,1
3690,3691,1,65,1,1
3691,3692,1,4,1,1
3692,3693,0,0,1,-1
3693,3694,1,84,-1,-1
3694,3695,0,-2,-1,1
3695,3696,0,-4,1,-1
3696,3697,1,110,-1,-1
3697,3698,0,14,-1,1
3698,3699,1,19,1,1
3699,3700,1,146,1,1
3700,3701,0,46,1,-1
3701,3703,1,107,-1,-1
3703,3704,1,276,-1,-1
3704,3705,1,103,-1,-1
3705,3706,1,100,-1,-1
3706,3706.1,1,2,-1,-1
3706.1,3707,1,-1,-1,-1
3707,3708,1,-4,-1,-1
3708,3709,1,9,-1,-1
3709,3710,1,208,-1,-1
3710,3711,1,-1,-1,-1
3711,3712.1,1,-4,-1,-1
3712.1,3712,1,-8,-1,-1
3712,3713,1,20,-1,-1
3713,3714,1,15,-1,-1
3714,3715,1,745,-1,-1
3715,3716,1,294,-1,-1
3716,3717,1,115,-1,-1
3717,3718,1,73,-1,-1
3718,3718.1,0,88,-1,1
3718.1,3718.2,1,811,1,1
3718.2,3719,1,83,1,1
3719,3720,1,-4,1,1
3720,3721,0,98,1,-1
3721,3722,1,26,-1,-1
3722,3723,1,56,-1,-1
3723,3724,1,9,-1,-1
3724,3725,0,328,-1,1
3725,3726,0,4,1,-1
3726,3727,1,38,-1,-1
3727,3728,1,-22,-1,-1
3728,3729,1,-25,-1,-1
3729,3730,0,137,-1,1
3730,3731,0,45,1,-1
3731,3732,0,93,-1,1
3732,3733,1,55,1,1
3733,3734,1,-4,1,1
3734,3735,1,210,1,1
3735,3736,0,0,1,-1
3736,3737,0,-2,-1,1
3737,3739,1,342,1,1
3739,3740,1,-1,1,1
3740,3741,0,153,1,-1
3741,3742,1,69,-1,-1
3742,3743,1,175,-1,-1
3743,3743.1,1,10,-1,-1
3743.1,3744,0,164,-1,1
3744,3745,0,-4,1,-1
3745,3746,0,25,-1,1
3746,3747,0,164,1,-1
3747,3748,0,76,-1,1
3748,3749,0,-4,1,-1
3749,3750,1,352,-1,-1
3750,3750.1,1,139,-1,-1
3750.1,3751,0,249,-1,1
3751,3752,1,136,1,1
3752,3753,1,323,1,1
3753,3754,0,142,1,-1
3754,3755,1,141,-1,-1
3755,3756,0,160,-1,1
3756,3756.1,0,132,1,-1
3756.1,3756.2,1,31,-1,-1
3756.2,3756.3,1,23,-1,-1
3756.3,3757,0,-23,-1,1
3757,3758,0,-210,1,-1
3758,3759,1,-4,-1,-1
3759,3760,1,101,-1,-1
3760,3761,0,765,-1,1
3761,3762,0,354,1,-1
3762,3763,1,268,-1,-1
3763,3764,1,-4,-1,-1
3764,3765,1,-4,-1,-1
3765,3766,1,55,-1,-1
3766,3767,1,1,-1,-1
3767,3767.1,0,85,-1,1
3767.1,3767.2,1,-67,1,1
3767.2,3767.3,1,-11,1,1
3767.3,3768,1,10,1,1
3768,3769,0,35,1,-1
3769,3770,1,81,-1,-1
3770,3771,0,72,-1,1
3771,3772,0,-8,1,-1
3772,3773,1,5,-1,-1
3773,3774,1,131,-1,-1
3774,3775,1,-1,-1,-1
3775,3776,0,56,-1,1
3776,3777,1,98,1,1
3777,3778,0,103,1,-1
3778,3779,1,6,-1,-1
3779,3780,1,15,-1,-1
3780,3781,0,84,-1,1
3781,3782,1,-4,1,1
3782,3783,0,242,1,-1
3783,3784,0,361,-1,1
3784,3785,1,68,1,1
3785,3786,1,-4,1,1
3786,3787,0,815,1,-1
3787,3788,1,25,-1,-1
3788,3789,1,71,-1,-1
3789,3790,1,201,-1,-1
3790,3791,0,-1,-1,1
3791,3792,1,-22,1,1
3792,3793,1,-19,1,1
3793,3794,1,-4,1,1
3794,3795,1,27,1,1
3795,3796,0,73,1,-1
3796,3797,0,19,-1,1
3797,3798,0,63,1,-1
3798,3799,1,49,-1,-1
3799,3800,1,-4,-1,-1
3800,3801,0,29,-1,1
3801,3802,1,12,1,1
3802,3803,0,2,1,-1
3803,3804,1,15,-1,-1
3804,3805,1,-4,-1,-1
3805,3806,1,116,-1,-1
3806,3807,1,-4,-1,-1
3807,3808,1,131,-1,-1
3808,3808.1,1,128,-1,-1
3808.1,3809,1,110,-1,-1
3809,3810,1,118,-1,-1
3810,3811,1,139,-1,-1
3811,3812,1,0,-1,-1
3812,3813,0,211,-1,1
3813,3814,0,65,1,-1
3814,3814.1,1,-4,-1,-1
3814.1,3815,0,44,-1,1
3815,3816,1,4,1,1
3816,3817,0,8,1,-1
3817,3818,1,-68,-1,-1
3818,3819,1,11,-1,-1
3819,3820,0,134,-1,1
3820,3821,0,41,1,-1
3821,3822,0,59,-1,1
3822,3823,1,-4,1,1
3823,3824,0,-4,1,-1
3824,3825,1,89,-1,-1
3825,3826,0,406,-1,1
3826,3827,1,245,1,1
3827,3828,1,44,1,1
3828,3829,1,277,1,1
3829,3830,1,340,1,1
3830,3831,1,91,1,1
3831,3833,1,214,1,1
3833,3835,0,64,1,-1
3835,3836,0,37,-1,1
3836,3837,1,99,1,1
3837,3838,0,19,1,-1
3838,3839,1,13,-1,-1
3839,3840,0,189,-1,1
3840,3841,1,56,1,1
3841,3842,1,3,1,1
3842,3844,0,-4,1,-1
3844,3846,1,-4,-1,-1
3846,3847,1,87,-1,-1
3847,3848,1,4,-1,-1
3848,3849,1,-1,-1,-1
3849,3850,1,-4,-1,-1
3850,3851,1,145,-1,-1
3851,3852,0,21,-1,1
3852,3853,0,83,1,-1
3853,3854,1,72,-1,-1
3854,3855,1,9,-1,-1
3855,3856,1,132,-1,-1
3856,3857,1,67,-1,-1
3857,3858,1,157,-1,-1
3858,3859,1,188,-1,-1
3859,3860,1,15,-1,-1
3860,3861,0,133,-1,1
3861,3862,0,-38,1,-1
3862,3863,1,5,-1,-1
3863,3864,1,-4,-1,-1
3864,3865,1,-13,-1,-1
3865,3866,1,35,-1,-1
3866,3867,0,29,-1,1
3867,3868,0,21,1,-1
3868,3869,1,78,-1,-1
3869,3870,0,146,-1,1
3870,3871,0,55,1,-1
3871,3872,1,-23,-1,-1
3872,3873,0,352,-1,1
3873,3874,0,13,1,-1
3874,3875,0,129,-1,1
3875,3876,0,44,1,-1
3876,3876.1,0,89,-1,1
3876.1,3877,0,-14,1,-1
3877,3878,1,105,-1,-1
3878,3879,1,14,-1,-1
3879,3880,1,134,-1,-1
3880,3881,0,403,-1,1
3881,3882,0,45,1,-1
3882,3883,0,23,-1,1
3883,3884,1,11,1,1
3884,3885,1,87,1,1
3885,3886,1,45,1,1
3886,3887,0,18,1,-1
3887,3888,0,89,-1,1
3888,3889,1,15,1,1
3889,3890,1,3,1,1
3890,3891,1,-4,1,1
3891,3892,1,-4,1,1
3892,3893,1,155,1,1
3893,3894,0,-20,1,-1
3894,3895,1,12,-1,-1
3895,3896,0,243,-1,1
3896,3897,1,45,1,1
3897,3898,1,33,1,1
3898,3899,1,0,1,1
3899,3899.1,1,2,1,1
3899.1,3900,1,-344,1,1
3900,3901,1,85,1,1
3901,3902,1,-4,1,1
3902,3903,1,178,1,1
3903,3904,1,79,1,1
3904,3905,1,136,1,1
3905,3906,0,52,1,-1
3906,3907,1,-4,-1,-1
3907,3908,1,6,-1,-1
3908,3909,1,312,-1,-1
3909,3910,1,197,-1,-1
3910,3911,1,146,-1,-1
3911,3912,1,243,-1,-1
3912,3913,1,46,-1,-1
3913,3914,1,6,-1,-1
3914,3915,1,28,-1,-1
3915,3916,1,-4,-1,-1
3916,3917,0,263,-1,1
3917,3918,1,204,1,1
3918,3919,0,23,1,-1
3919,3920,0,-17,-1,1
3920,3921,0,-4,1,-1
3921,3922,1,159,-1,-1
3922,3923,1,14,-1,-1
3923,3924,1,17,-1,-1
3924,3925,1,3,-1,-1
3925,3925.1,0,75,-1,1
3925.1,3926,1,46,1,1
3926,3927,1,-1,1,1
3927,3928,0,87,1,-1
3928,3929,0,147,-1,1
3929,3930,1,34,1,1
3930,3931,0,324,1,-1
3931,3932,1,109,-1,-1
3932,3933,1,50,-1,-1
3933,3934,0,206,-1,1
3934,3935,0,-4,1,-1
3935,3936,1,-4,-1,-1
3936,3937,1,0,-1,-1
3937,3938,1,47,-1,-1
3938,3939,0,71,-1,1
3939,3940,0,-4,1,-1
3940,3941,0,43,-1,1
3941,3942,0,-4,1,-1
3942,3943,0,132,-1,1
3943,3944,1,16,1,1
3944,3945,0,194,1,-1
3945,3946,1,-4,-1,-1
3946,3947,0,95,-1,1
3947,3948,1,76,1,1
3948,3949,1,197,1,1
3949,3950,0,14,1,-1
3950,3951,1,-1,-1,-1
3951,3952,0,227,-1,1
3952,3953,1,206,1,1
3953,3954,0,400,1,-1
3954,3954.1,1,349,-1,-1
3954.1,3955,0,-75,-1,1
3955,3957,0,36,1,-1
3957,3958,0,-20,-1,1
3958,3959,0,213,1,-1
3959,3960,0,270,-1,1
3960,3961,1,210,1,1
3961,3962,1,-11,1,1
3962,3963,1,160,1,1
3963,3964,1,264,1,1
3964,3965,1,117,1,1
3965,3966,1,11,1,1
3966,3967,1,106,1,1
3967,3968,1,16,1,1
3968,3969,0,35,1,-1
3969,3970,0,75,-1,1
3970,3971,0,201,1,-1
3971,3972,1,8,-1,-1
3972,3972.1,1,130,-1,-1
3972.1,3973,1,153,-1,-1
3973,3974,1,-8,-1,-1
3974,3974.1,1,8,-1,-1
3974.1,3975,0,297,-1,1
3975,3976,0,221,1,-1
3976,3977,0,326,-1,1
3977,3978,1,242,1,1
3978,3979,1,87,1,1
3979,3980,1,-4,1,1
3980,3981,1,-8,1,1
3981,3982,1,3,1,1
3982,3983,1,-1,1,1
3983,3984,1,-4,1,1
3984,3985,1,-11,1,1
3985,3986,1,100,1,1
3986,3987,1,24,1,1
3987,3988,1,92,1,1
3988,3989,1,32,1,1
3989,3990,1,113,1,1
3990,3991,1,92,1,1
3991,3992,1,149,1,1
3992,3993,0,57,1,-1
3993,3994,1,40,-1,-1
3994,3995,1,247,-1,-1
3995,3996,1,2,-1,-1
3996,3997,1,106,-1,-1
3997,3998,1,-4,-1,-1
3998,3999,1,326,-1,-1
3999,4000,1,54,-1,-1
4000,4001,1,340,-1,-1
4001,4002,1,110,-1,-1
4002,4003,1,116,-1,-1
4003,4004,1,93,-1,-1
4004,4005,1,95,-1,-1
4005,4006,1,35,-1,-1
4006,4007,1,111,-1,-1
4007,4008,1,78,-1,-1
4008,4010,1,266,-1,-1
4010,4011,1,0,-1,-1
4011,4012,1,2,-1,-1
4012,4013,1,149,-1,-1
4013,4014,1,12,-1,-1
4014,4016,1,161,-1,-1
4016,4017,1,-7,-1,-1
4017,4018,1,56,-1,-1
4018,4019,0,-13,-1,1
4019,4020,0,377,1,-1
4020,4022,1,-4,-1,-1
4022,4023,1,4,-1,-1
4023,4024,1,10,-1,-1
4024,4025,1,65,-1,-1
4025,4026,1,24,-1,-1
4026,4026.1,0,14,-1,1
4026.1,4027,1,148,1,1
4027,4028,1,-53,1,1
4028,4029,1,-4,1,1
4029,4030,1,34,1,1
4030,4031,1,92,1,1
4031,4032,1,93,1,1
4032,4033,1,-4,1,1
4033,4034,1,109,1,1
4034,4035,0,20,1,-1
4035,4035.1,1,39,-1,-1
4035.1,4036,1,-38,-1,-1
4036,4037,1,-4,-1,-1
4037,4038,1,-106,-1,-1
4038,4039,1,131,-1,-1
4039,4040,1,71,-1,-1
4040,4040.1,1,-17,-1,-1
4040.1,4041,1,-4,-1,-1
4041,4041.1,1,23,-1,-1
4041.1,4041.2,0,15,-1,1
